time,x,y,z,vel_x,vel_y,vel_z,lat,lon,alt,track_id,uav_name,uav_category
2022-08-17 14:52:49.450,41.47395620411116,64.94389710456089,50.99008624978321,-0.692861681408361,4.578781411086447,-0.8836512051574148,51.08233148,-4.20154715,50.99055166107894,0,DJI_Mavic_Air,LSS
2022-08-17 14:52:50.410,40.78088319988997,69.52407504397772,50.10616553100822,-0.692861681408361,4.578781411086447,-0.8836512051574148,51.08237265,-4.20155704,50.10667479427004,0,DJI_Mavic_Air,LSS
2022-08-17 14:52:51.490,40.18451847156085,74.17212580996085,50.106116917868015,-0.596182892546894,4.646633542752589,-4.859831772152604e-05,51.08241443,-4.20156555,50.10667479427004,0,DJI_Mavic_Air,LSS
2022-08-17 14:52:52.440,39.66663760238801,78.79347710583298,50.10606470237843,-0.517722963668923,4.619942213497015,-5.219956871343955e-05,51.08245597,-4.20157294,50.10667479427004,0,DJI_Mavic_Air,LSS
2022-08-17 14:52:53.400,39.22163558224507,83.31692959330255,50.19744546567336,-0.4448663359104841,4.522073255126756,0.09135290066022725,51.08249663,-4.20157929,50.198110332215784,0,DJI_Mavic_Air,LSS
2022-08-17 14:52:54.470,38.585331713420814,87.81590148604312,49.98403935690111,-0.6361098553183847,4.497600124702537,-0.213341039755129,51.08253707,-4.20158837,49.98476074367571,0,DJI_Mavic_Air,LSS
2022-08-17 14:52:55.430,37.97425627060266,92.30486257199425,49.892544055678925,-0.610889121636056,4.487592370278198,-0.09146740366406399,51.08257742,-4.20159709,49.89332520572996,0,DJI_Mavic_Air,LSS
2022-08-17 14:52:56.510,37.40732904016031,96.82608944197315,49.983915860498,-0.5667543703593863,4.51984831624245,0.09134394491587658,51.08261806,-4.20160518,49.98476074367571,0,DJI_Mavic_Air,LSS
2022-08-17 14:52:57.360,36.82778928148842,101.3139397711189,49.983849474741376,-0.5793630529407451,4.486481952150338,-6.636551514309042e-05,51.0826584,-4.20161345,49.98476074367571,0,DJI_Mavic_Air,LSS
2022-08-17 14:52:58.350,36.328836920339896,105.51476387485859,49.98378417699802,-0.4988002270792662,4.199543243050561,-6.527783361536712e-05,51.08269616,-4.20162057,49.98476074367571,0,DJI_Mavic_Air,LSS
2022-08-17 14:52:59.390,35.91888391260399,108.93460852655589,49.9837289667451,-0.4098280101927989,3.4188019171125843,-5.519341893132426e-05,51.0827269,-4.20162642,49.98476074367571,0,DJI_Mavic_Air,LSS
2022-08-17 14:53:00.340,35.560791049817155,111.67248872586693,50.10559764135923,-0.3579836777651148,2.737045400463894,0.12183151600175389,51.08275151,-4.20163153,50.10667479427004,0,DJI_Mavic_Air,LSS
2022-08-17 14:53:01.410,35.30921311372202,113.74286101436607,49.98364837770838,-0.25150122822052406,2.0697410174888096,-0.12191208046631256,51.08277012,-4.20163512,49.98476074367571,0,DJI_Mavic_Air,LSS
2022-08-17 14:53:02.360,35.191483419590355,114.71407911651434,49.98363162330186,-0.1176937975234237,0.9709219709471317,-1.674929798049977e-05,51.08277885,-4.2016368,49.98476074367571,0,DJI_Mavic_Air,LSS
2022-08-17 14:53:03.440,35.24894302295226,114.7808299483213,49.98363010370894,0.057442083526430356,0.0667304790108582,-1.5191295863051042e-06,51.08277945,-4.20163598,49.98476074367571,0,DJI_Mavic_Air,LSS
2022-08-17 14:53:04.410,35.070253019213446,115.25698187321325,49.98362249561209,-0.17863551990524396,0.47600674283538646,-7.605777089173821e-06,51.08278373,-4.20163853,49.98476074367571,0,DJI_Mavic_Air,LSS
2022-08-17 14:53:05.390,35.06114174220009,115.44165637377556,49.89218366583572,-0.009108498921182498,0.18461819201374496,-0.09141094943679397,51.08278539,-4.20163866,49.89332520572996,0,DJI_Mavic_Air,LSS
2022-08-17 14:53:06.430,35.04292267432094,115.51953341923237,49.98361789233233,-0.01821351275776028,0.07785330020025498,0.0914063475606106,51.08278609,-4.20163892,49.98476074367571,0,DJI_Mavic_Air,LSS
2022-08-17 14:53:07.390,35.04993082119418,115.39827016747172,49.983620050696885,0.007006010040177441,-0.1212262777459397,2.1577064515063363e-06,51.082785,-4.20163882,49.98476074367571,0,DJI_Mavic_Air,LSS
2022-08-17 14:53:08.470,35.09828130171638,115.25809126484376,49.800751245901914,0.04833573812207535,-0.1401361610988307,-0.18281304681569235,51.08278374,-4.20163813,49.80188966778421,0,DJI_Mavic_Air,LSS
2022-08-17 14:53:09.430,35.09127447552011,115.33263251602727,49.983621011723386,-0.007004689765895976,0.07451852303399303,0.18281400754916968,51.08278441,-4.20163823,49.98476074367571,0,DJI_Mavic_Air,LSS
2022-08-17 14:53:10.420,35.03661719744193,115.45389765198473,50.10553316671497,-0.0546406126913107,0.1212281613682406,0.12187498312173191,51.0827855,-4.20163901,50.10667479427004,0,DJI_Mavic_Air,LSS
2022-08-17 14:53:11.360,35.77870089163075,114.18119213925732,49.98363793028855,0.7418574276733808,-1.272317455903362,-0.12185806971515518,51.08277406,-4.20162842,49.98476074367571,0,DJI_Mavic_Air,LSS
2022-08-17 14:53:12.330,37.081381226787194,111.59128425695184,49.9836763714577,1.3022831387991116,-2.5891182012540996,3.8429448163952104e-05,51.08275078,-4.20160983,49.98476074367571,0,DJI_Mavic_Air,LSS
2022-08-17 14:53:13.390,38.70640558240053,108.20259730823915,49.89228962261404,1.6245288743066706,-3.387653714329818,-0.09135888438392373,51.08272032,-4.20158664,49.89332520572996,0,DJI_Mavic_Air,LSS
2022-08-17 14:53:14.360,40.62925034817857,104.06519740895163,49.892346579175396,1.9222584769425775,-4.1361383770825055,5.6939194904399354e-05,51.08268313,-4.2015592,49.89332520572996,0,DJI_Mavic_Air,LSS
2022-08-17 14:53:15.410,42.68874507997785,99.41048206085904,49.80097190978731,2.0588667774321596,-4.653296092784295,-0.09134680861146165,51.08264129,-4.20152981,49.80188966778421,0,DJI_Mavic_Air,LSS
2022-08-17 14:53:16.370,44.5590488088583,94.4609543512953,49.89246995149958,1.8697334601750975,-4.948018563901749,0.09147014331855845,51.0825968,-4.20150312,49.89332520572996,0,DJI_Mavic_Air,LSS
2022-08-17 14:53:17.550,46.09090056313798,89.53367432845491,49.98396574074788,1.531384681951683,-4.9257776606538926,0.0914678915413787,51.08255251,-4.20148126,49.98476074367571,0,DJI_Mavic_Air,LSS
2022-08-17 14:53:18.410,47.19110031912401,84.67091489961801,49.98402415991473,1.0998642973753334,-4.861276739431369,5.840135444201224e-05,51.0825088,-4.20146556,49.98476074367571,0,DJI_Mavic_Air,LSS
2022-08-17 14:53:19.460,47.73491281070708,80.24314091180875,49.98407739900982,0.543646679345868,-4.426423928511064,5.322286211508616e-05,51.082469,-4.2014578,49.98476074367571,0,DJI_Mavic_Air,LSS
2022-08-17 14:53:20.540,48.03066383039717,76.12241925148224,50.19747531415712,0.29566084313293145,-4.119465223433362,0.21333284862846544,51.08243196,-4.20145358,50.198110332215784,0,DJI_Mavic_Air,LSS
2022-08-17 14:53:21.610,48.07414196816705,72.4722807551107,49.98416794469619,0.043464880981181925,-3.6490255435807475,-0.21324233055011022,51.08239915,-4.20145296,49.98476074367571,0,DJI_Mavic_Air,LSS
2022-08-17 14:53:22.460,47.28234005121847,68.95675048525791,49.98421285245822,-0.7915604909988242,-3.514458360052973,4.489406934054957e-05,51.08236755,-4.20146426,49.98476074367571,0,DJI_Mavic_Air,LSS
2022-08-17 14:53:23.420,44.914574982861815,65.41673123996571,49.98426724469205,-2.3670431202049915,-3.538939868632267,5.437564925505943e-05,51.08233573,-4.20149805,49.98476074367571,0,DJI_Mavic_Air,LSS
2022-08-17 14:53:24.540,41.59380105674599,61.943456949890546,50.10623846930854,-3.3197613988891654,-3.4722152644195194,0.12193403473590012,51.08230451,-4.20154544,50.10667479427004,0,DJI_Mavic_Air,LSS
2022-08-17 14:53:25.370,38.543501850943635,59.050912392048104,49.89293545579049,-3.0493691482121488,-2.891662600749213,-0.21323797593539018,51.08227851,-4.20158897,49.89332520572996,0,DJI_Mavic_Air,LSS
2022-08-17 14:53:26.420,36.60036102353724,57.55457684999352,49.984396104546484,-1.9425483501595968,-1.4958792988684262,0.09143276176365289,51.08226506,-4.2016167,49.98476074367571,0,DJI_Mavic_Air,LSS
2022-08-17 14:53:27.390,35.74056090872005,56.483227431391775,50.10632460383525,-0.8595379557406894,-1.071022756660967,0.1218913224354209,51.08225543,-4.20162897,50.10667479427004,0,DJI_Mavic_Air,LSS
2022-08-17 14:53:28.360,35.36076422367164,55.71559374070927,49.984419422370074,-0.3796808823792859,-0.7673996337942013,-0.12186801172159839,51.08224853,-4.20163439,49.98476074367571,0,DJI_Mavic_Air,LSS
2022-08-17 14:53:29.430,35.801530587331186,55.62548369316704,49.984417754918454,0.4406319709084216,-0.09008257235765632,-1.6669432026584033e-06,51.08224772,-4.2016281,49.98476074367571,0,DJI_Mavic_Air,LSS
2022-08-17 14:53:30.390,38.73622788819731,56.12168311594142,49.98439629223438,2.933802491106339,0.4960481280953125,-2.1456139951750573e-05,51.08225218,-4.20158622,49.98476074367571,0,DJI_Mavic_Air,LSS
2022-08-17 14:53:31.380,43.47042376158837,56.85597560395425,49.98435933798409,4.732752383913965,0.7340685970907139,-3.694298268121481e-05,51.08225878,-4.20151866,49.98476074367571,0,DJI_Mavic_Air,LSS
2022-08-17 14:53:32.420,48.107918309204635,57.357757519575614,49.984321617035725,4.6360805430506336,0.5016289188011304,-3.7709446981744174e-05,51.08226329,-4.20145248,49.98476074367571,0,DJI_Mavic_Air,LSS
2022-08-17 14:53:33.480,52.15749128265468,57.82838742446609,49.98428559955033,4.048338230289809,0.4704864065364789,-3.600650340885255e-05,51.08226752,-4.20139469,49.98476074367571,0,DJI_Mavic_Air,LSS
2022-08-17 14:53:34.720,55.65347805292173,58.372439986210686,49.98425115479472,3.494920819417123,0.5438866763083259,-3.443425316587886e-05,51.08227241,-4.2013448,49.98476074367571,0,DJI_Mavic_Air,LSS
2022-08-17 14:53:35.410,58.29175919138215,58.765183327218104,49.89278848968863,2.637476708064461,0.39262359081221954,-0.09143477749895562,51.08227594,-4.20130715,49.89332520572996,0,DJI_Mavic_Air,LSS
2022-08-17 14:53:36.470,59.58812686856803,58.95655022308524,49.98421030533582,1.2959724056021757,0.19130854676037182,0.09139394049534356,51.08227766,-4.20128865,49.98476074367571,0,DJI_Mavic_Air,LSS
2022-08-17 14:53:37.430,59.59864216355903,58.69177474226976,50.106126700901754,0.010512088803909823,-0.26469474891706035,0.12187922240309965,51.08227528,-4.2012885,50.10667479427004,0,DJI_Mavic_Air,LSS
2022-08-17 14:53:38.500,59.17609753910921,58.45146719262746,49.98421878461872,-0.42241578763459153,-0.24023427818744855,-0.12187074570559522,51.08227312,-4.20129453,49.98476074367571,0,DJI_Mavic_Air,LSS
2022-08-17 14:53:39.450,58.49986641986586,59.94666921850213,49.984211124356094,-0.6760249316391973,1.4947461283055354,-7.657926957386769e-06,51.08228656,-4.20130418,49.98476074367571,0,DJI_Mavic_Air,LSS
2022-08-17 14:53:40.310,58.135437056748124,63.908303412675465,49.98417596162186,-0.36431824605269014,3.9604262641627654,-3.51520128715019e-05,51.08232217,-4.20130938,49.98476074367571,0,DJI_Mavic_Air,LSS
2022-08-17 14:53:41.380,58.091226431250725,69.59766502774943,49.98411678165964,-0.04419714536806203,5.687626888872857,-5.9161917836438334e-05,51.08237331,-4.20131001,49.98476074367571,0,DJI_Mavic_Air,LSS
2022-08-17 14:53:42.440,58.34481276997998,76.76332720145595,49.984032204216795,0.2535090184786205,7.163477313126019,-8.455165458664483e-05,51.08243772,-4.20130639,49.98476074367571,0,DJI_Mavic_Air,LSS
2022-08-17 14:53:43.500,58.6922841607195,84.99365878904382,49.89248905637136,0.34736544427901617,8.227822101846806,-0.0915152356985471,51.0825117,-4.20130143,49.89332520572996,0,DJI_Mavic_Air,LSS
2022-08-17 14:53:44.370,58.6648594678535,93.43536371529828,49.89237115573151,-0.027416330885079186,8.439130991302113,-0.00011786469111938555,51.08258758,-4.20130182,49.89332520572996,0,DJI_Mavic_Air,LSS
2022-08-17 14:53:45.430,58.512021170689316,100.48643656700149,50.10561488751697,-0.15279169569699994,7.048922930209497,0.2131787122782161,51.08265096,-4.201304,50.10667479427004,0,DJI_Mavic_Air,LSS
2022-08-17 14:53:46.390,58.33046253036782,106.54069946292586,50.10551822949423,-0.18150328182054268,6.052416908767193,-9.662855103321542e-05,51.08270538,-4.20130659,50.10667479427004,0,DJI_Mavic_Air,LSS
2022-08-17 14:53:47.460,58.27854691980481,111.97084725796458,50.105425628040344,-0.05189978112976284,5.428492104946712,-9.257321905442027e-05,51.08275419,-4.20130733,50.10667479427004,0,DJI_Mavic_Air,LSS
2022-08-17 14:53:48.430,58.26798094250243,116.84029185456026,50.10533832658698,-0.010562755661900526,4.8679598688356895,-8.727483453790871e-05,51.08279796,-4.20130748,50.10667479427004,0,DJI_Mavic_Air,LSS
2022-08-17 14:53:49.490,58.230792630788976,121.1290050211667,49.98334455967718,-0.03717697273677255,4.2874055079265245,-0.12195657015590547,51.08283651,-4.20130801,49.98476074367571,0,DJI_Mavic_Air,LSS
2022-08-17 14:53:50.450,58.120736186932696,124.8214156879935,49.98327432548733,-0.11002288687578277,3.691284824955177,-7.021277495250069e-05,51.0828697,-4.20130958,49.98476074367571,0,DJI_Mavic_Air,LSS
2022-08-17 14:53:51.430,58.0541312403962,127.97648580885662,49.983212366222375,-0.06658463822183586,3.154108117887174,-6.194037314041771e-05,51.08289806,-4.20131053,49.98476074367571,0,DJI_Mavic_Air,LSS
2022-08-17 14:53:52.480,58.02257038449029,130.56306757354486,50.105074246898496,-0.03155123277991786,2.5857930977934065,0.1218247241352601,51.08292131,-4.20131098,50.10667479427004,0,DJI_Mavic_Air,LSS
2022-08-17 14:53:53.460,58.056884689892264,132.4721306394569,50.10503454534592,0.03430384272994503,1.9084809792133905,-3.968944729206598e-05,51.08293847,-4.20131049,50.10667479427004,0,DJI_Mavic_Air,LSS
2022-08-17 14:53:54.390,58.129046385913526,133.6703019128338,50.10500887646838,0.07213969341476993,1.1978059425644036,-2.566105092032131e-05,51.08294924,-4.20130946,50.10667479427004,0,DJI_Mavic_Air,LSS
2022-08-17 14:53:55.380,58.13184093987239,134.31444115672525,49.983081260136984,0.0027937018797909623,0.643942841324855,-0.1218904397472749,51.08295503,-4.20130942,49.98476074367571,0,DJI_Mavic_Air,LSS
2022-08-17 14:53:56.410,59.378429457461046,135.16107346239414,49.98305190289793,1.2462084240193296,0.8463741615496181,-2.9348287829715585e-05,51.08296264,-4.20129163,49.98476074367571,0,DJI_Mavic_Air,LSS
2022-08-17 14:53:57.460,62.42377649173857,137.24706335889735,50.10489236130371,3.0444184866391013,2.085353863574817,0.12180330839672406,51.08298139,-4.20124817,50.10667479427004,0,DJI_Mavic_Air,LSS
2022-08-17 14:53:58.410,66.68066620741797,140.34433453296606,49.982867873923766,4.255591760192541,3.096326794396418,-0.12198728125916182,51.08300923,-4.20118742,49.98476074367571,0,DJI_Mavic_Air,LSS
2022-08-17 14:53:59.380,70.69159721920721,143.37374553381673,49.98275734747412,4.009708050833735,3.0284873122204448,-0.00011049274935737728,51.08303646,-4.20113018,49.98476074367571,0,DJI_Mavic_Air,LSS
2022-08-17 14:54:00.420,74.16086550735419,146.06717462002806,49.982656881433826,3.4682104839493735,2.6926078408198744,-0.00010043540749483673,51.08306067,-4.20108067,49.98476074367571,0,DJI_Mavic_Air,LSS
2022-08-17 14:54:01.490,77.07445895461768,148.3634325792197,49.9825693748794,2.9127050722164682,2.2955578140583617,-8.747987306795399e-05,51.08308131,-4.20103909,49.98476074367571,0,DJI_Mavic_Air,LSS
2022-08-17 14:54:02.460,79.31956342179535,150.15905354286156,49.98249985874757,2.2444199191023424,1.7950734662346506,-6.949493586793752e-05,51.08309745,-4.20100705,49.98476074367571,0,DJI_Mavic_Air,LSS
2022-08-17 14:54:03.430,80.97746595290009,151.37059985378625,49.98245041227205,1.6573970250121102,1.2111769019695882,-4.943139894539636e-05,51.08310834,-4.20098339,49.98476074367571,0,DJI_Mavic_Air,LSS
2022-08-17 14:54:04.490,81.65926522616103,151.9101766877875,49.9824289001249,0.6815913878876297,0.5394123132457124,-2.1505587945525783e-05,51.08311319,-4.20097366,49.98476074367571,0,DJI_Mavic_Air,LSS
2022-08-17 14:54:05.440,81.84285269416497,152.10598090014935,49.98242188232171,0.18353149089922527,0.19574451028621245,-7.0156634145584896e-06,51.08311495,-4.20097104,49.98476074367571,0,DJI_Mavic_Air,LSS
2022-08-17 14:54:06.520,81.96128068834824,151.78669315451833,49.98242797693945,0.11839188465844339,-0.3191903925612845,6.092759446852231e-06,51.08311208,-4.20096935,49.98476074367571,0,DJI_Mavic_Air,LSS
2022-08-17 14:54:07.390,82.33830064383932,149.9933372254347,49.98246558305866,0.37690499946624173,-1.7928091223013436,3.759465284509966e-05,51.08309596,-4.20096397,49.98476074367571,0,DJI_Mavic_Air,LSS
2022-08-17 14:54:08.340,83.18272400033328,147.03185396796573,49.891088109454245,0.8441658858987632,-2.9605802804834083,-0.09134961197276581,51.08306934,-4.20095192,49.89332520572996,0,DJI_Mavic_Air,LSS
2022-08-17 14:54:09.410,84.2913377651208,143.1614567441598,49.79972614855597,1.108275740686611,-3.869217112586585,-0.09133410399655668,51.08303455,-4.2009361,49.80188966778421,0,DJI_Mavic_Air,LSS
2022-08-17 14:54:10.480,85.43920830136273,138.42664234399163,49.708379951741556,1.1475205424764694,-4.733370722097936,-0.09131834471927398,51.08299199,-4.20091972,49.71045412983846,0,DJI_Mavic_Air,LSS
2022-08-17 14:54:11.370,86.73705199673965,133.02655724423792,49.89134853081874,1.2974479737449338,-5.398438575988034,0.18291279067602714,51.08294345,-4.2009012,49.89332520572996,0,DJI_Mavic_Air,LSS
2022-08-17 14:54:12.420,88.19747730558062,126.93449175157565,49.89145277094077,1.4599800149364122,-6.090207979228607,0.0001042083384842392,51.08288869,-4.20088036,49.89332520572996,0,DJI_Mavic_Air,LSS
2022-08-17 14:54:13.480,89.62988501844939,120.443037837571,49.98299434552383,1.43197096172544,-6.489474624244257,0.09151366291587211,51.08283034,-4.20085992,49.98476074367571,0,DJI_Mavic_Air,LSS
2022-08-17 14:54:14.420,90.77920100801396,113.84477687392547,49.98309938564046,1.148965555070274,-6.596249107667691,0.00010500808916240102,51.08277103,-4.20084352,49.98476074367571,0,DJI_Mavic_Air,LSS
2022-08-17 14:54:15.390,91.57535159262827,107.27098716566806,50.105116097661956,0.7959078327253285,-6.571785313736719,0.12197950827147531,51.08271194,-4.20083216,50.10667479427004,0,DJI_Mavic_Air,LSS
2022-08-17 14:54:16.440,91.84594279268227,101.09991181088398,49.98329903066696,0.2705086949020545,-6.169193750690119,-0.12177992411813669,51.08265647,-4.2008283,49.98476074367571,0,DJI_Mavic_Air,LSS
2022-08-17 14:54:17.390,91.5054902740782,95.21585459436892,49.9833945247089,-0.34034871224683194,-5.882263126261551,9.546492513404015e-05,51.08260358,-4.20083316,49.98476074367571,0,DJI_Mavic_Air,LSS
2022-08-17 14:54:18.460,90.54558046969889,89.67332628735176,49.98348857828141,-0.9596171211573548,-5.540838351320012,9.402489491773845e-05,51.08255376,-4.20084686,49.98476074367571,0,DJI_Mavic_Air,LSS
2022-08-17 14:54:19.430,89.37333997447745,84.54353634395972,50.105489230713815,-1.171883070884825,-5.128225834512515,0.12196345357906327,51.08250765,-4.20086359,50.10667479427004,0,DJI_Mavic_Air,LSS
2022-08-17 14:54:20.420,88.04762825237992,79.74860706978296,50.10556942700827,-1.325307503309014,-4.793467266660421,8.01718420431696e-05,51.08246455,-4.20088251,50.10667479427004,0,DJI_Mavic_Air,LSS
2022-08-17 14:54:21.470,86.38975772617823,75.24959810163736,49.98373270080109,-1.6573650298675815,-4.497637188803018,-0.1217995773360905,51.08242411,-4.20090617,49.98476074367571,0,DJI_Mavic_Air,LSS
2022-08-17 14:54:22.340,84.42075135836326,71.26345333466602,50.10571887430329,-1.9684060039837548,-3.9849293635154637,0.12194897906358636,51.08238828,-4.20093427,50.10667479427004,0,DJI_Mavic_Air,LSS
2022-08-17 14:54:23.380,82.82732429954478,67.92924188471969,49.98386207585484,-1.592941211748894,-3.333194825524553,-0.12181964345720064,51.08235831,-4.20095701,49.98476074367571,0,DJI_Mavic_Air,LSS
2022-08-17 14:54:24.450,82.18549113377642,65.29259067333352,50.10581196627634,-0.6416374663411268,-2.6358472779663864,0.12191270704585541,51.08233461,-4.20096617,50.10667479427004,0,DJI_Mavic_Air,LSS
2022-08-17 14:54:25.410,81.80922661612078,63.14989447740495,49.983924330406325,-0.37614979196909126,-2.142042872852352,-0.12185047147621691,51.08231535,-4.20097154,49.98476074367571,0,DJI_Mavic_Air,LSS
2022-08-17 14:54:26.360,81.61514625091269,61.60350632742328,49.98394194512941,-0.19402118874552707,-1.545916645404818,1.7609352232160523e-05,51.08230145,-4.20097431,49.98476074367571,0,DJI_Mavic_Air,LSS
2022-08-17 14:54:27.430,81.53317564650449,60.693475263927006,50.10586577253416,-0.08194561099684422,-0.9097535886517379,0.12188665197589718,51.08229327,-4.20097548,50.10667479427004,0,DJI_Mavic_Air,LSS
2022-08-17 14:54:28.480,81.87023268100467,60.61783010606723,50.10586218374758,0.33695426344982443,-0.07562209312137275,-3.5876923301977054e-06,51.08229259,-4.20097067,50.10667479427004,0,DJI_Mavic_Air,LSS
2022-08-17 14:54:29.360,84.8182312193274,61.35658137182387,49.98390262125264,2.9470996729224943,0.7385260153219672,-0.12192237617021152,51.08229923,-4.2009286,49.98476074367571,0,DJI_Mavic_Air,LSS
2022-08-17 14:54:30.400,89.25249257436568,62.473613439770986,49.98383138442925,4.432909317696376,1.1166914770466154,-7.12151027813731e-05,51.08230927,-4.20086532,49.98476074367571,0,DJI_Mavic_Air,LSS
2022-08-17 14:54:31.460,93.79116355122912,63.51500072347167,49.983756099149915,4.537287104296633,1.041069757424672,-7.526232432794743e-05,51.08231863,-4.20080055,49.98476074367571,0,DJI_Mavic_Air,LSS
2022-08-17 14:54:32.420,97.47773789690274,64.33832441115888,49.98369267805493,3.685450283337202,0.8230726505287957,-6.34017574494498e-05,51.08232603,-4.20074794,49.98476074367571,0,DJI_Mavic_Air,LSS
2022-08-17 14:54:33.490,100.40261427663152,64.9168855038472,50.10555558257326,2.9239845644366333,0.5783846853592834,0.12182574766529268,51.08233123,-4.2007062,50.10667479427004,0,DJI_Mavic_Air,LSS
2022-08-17 14:54:34.440,102.40041287966262,65.36415268632042,50.10551931476046,1.9971894602457252,0.447130807576915,-3.6256754492628015e-05,51.08233525,-4.20067769,50.10667479427004,0,DJI_Mavic_Air,LSS
2022-08-17 14:54:35.420,103.76194131157483,65.65009299808747,49.98358036621543,1.3611132923580362,0.28585312656344775,-0.12190176850563507,51.08233782,-4.20065826,49.98476074367571,0,DJI_Mavic_Air,LSS
2022-08-17 14:54:36.380,104.55097008234331,65.82032253504582,49.98356575173109,0.788788190370419,0.1701776327803473,-1.4610028276971058e-05,51.08233935,-4.200647,49.98476074367571,0,DJI_Mavic_Air,LSS
2022-08-17 14:54:37.350,104.80673794506998,65.91377833158565,49.98356059580374,0.25568987731409026,0.09342730121295843,-5.154355276035216e-06,51.08234019,-4.20064335,49.98476074367571,0,DJI_Mavic_Air,LSS
2022-08-17 14:54:38.390,104.60909161954456,67.78389902212385,49.98354422193955,-0.19758606177658408,1.8695504776425198,-1.6368871678653706e-05,51.082357,-4.20064617,49.98476074367571,0,DJI_Mavic_Air,LSS
2022-08-17 14:54:39.360,104.4457395513041,71.83119850771403,50.1054166197938,-0.16330226105083606,4.046065435632319,0.12183523810662457,51.08239338,-4.2006485,50.10667479427004,0,DJI_Mavic_Air,LSS
2022-08-17 14:54:40.420,104.36853556557473,77.80313460198795,49.98343373452627,-0.07718044569343266,5.970115209135128,-0.12194569183151915,51.08244706,-4.2006496,49.98476074367571,0,DJI_Mavic_Air,LSS
2022-08-17 14:54:41.390,104.31932876031564,85.47943385874599,49.98333621960805,-0.04919180175955283,7.673958699354739,-9.748518524235214e-05,51.08251606,-4.2006503,49.98476074367571,0,DJI_Mavic_Air,LSS
2022-08-17 14:54:42.460,104.27989655143364,94.8556432026465,49.891768692001214,-0.03942018572535848,9.373350472006551,-0.09153960802638612,51.08260034,-4.20065086,49.89332520572996,0,DJI_Mavic_Air,LSS
2022-08-17 14:54:43.440,104.24677977392723,103.87585169970438,49.891628618980185,-0.03310667996901685,9.017458172315324,-0.00014003031178415806,51.08268142,-4.20065133,49.89332520572996,0,DJI_Mavic_Air,LSS
2022-08-17 14:54:44.400,104.28235011925354,112.2174338545002,49.982922180882575,0.03555949967890403,8.339038747977682,0.09126572585600372,51.0827564,-4.20065082,49.98476074367571,0,DJI_Mavic_Air,LSS
2022-08-17 14:54:45.460,104.33615617857423,119.75244945829158,50.10469824610488,0.05378965347638186,7.532718124763326,0.12173893484717795,51.08282413,-4.20065005,50.10667479427004,0,DJI_Mavic_Air,LSS
2022-08-17 14:54:46.420,104.31639684689914,126.5220540173327,49.98265374223014,-0.01975330691648017,6.767540459201071,-0.12200729165078648,51.08288498,-4.20065033,49.98476074367571,0,DJI_Mavic_Air,LSS
2022-08-17 14:54:47.490,104.2146666050625,132.675330197822,49.98253029505176,-0.10169922357344426,6.151400003488236,-0.00012340953847251844,51.08294029,-4.20065178,49.98476074367571,0,DJI_Mavic_Air,LSS
2022-08-17 14:54:48.440,104.16830606680702,138.2412036594726,49.982412769663156,-0.04634640260269077,5.564176387852302,-0.00011748955428915418,51.08299032,-4.20065244,49.98476074367571,0,DJI_Mavic_Air,LSS
2022-08-17 14:54:49.410,104.23617621371804,143.22078808200075,49.98230172330873,0.06784945282790693,4.978066112363877,-0.00011101249561532901,51.08303508,-4.20065147,49.98476074367571,0,DJI_Mavic_Air,LSS
2022-08-17 14:54:50.350,104.28583972982031,147.5117279814852,49.89076751871853,0.04964837334839967,4.289631561858076,-0.09150629517016966,51.08307365,-4.20065076,49.89332520572996,0,DJI_Mavic_Air,LSS
2022-08-17 14:54:51.330,104.35794712694529,151.09957297409898,50.19546742754348,0.07208541107460306,3.5867510335485497,0.3046070036888185,51.0831059,-4.20064973,50.198110332215784,0,DJI_Mavic_Air,LSS
2022-08-17 14:54:52.390,104.4622925700311,154.13560568269804,50.10395749324929,0.10431362742943887,3.035107000963772,-0.09148203227434351,51.08313319,-4.20064824,50.10667479427004,0,DJI_Mavic_Air,LSS
2022-08-17 14:54:53.360,104.52110285296601,156.64319862294224,50.10389540265661,0.0587923512677773,2.506828357595128,-6.207166082148185e-05,51.08315573,-4.2006474,50.10667479427004,0,DJI_Mavic_Air,LSS
2022-08-17 14:54:54.420,104.55048987640473,158.6178946052008,49.89049650066931,0.0293780631294612,1.9740938836240611,-0.21333383516757803,51.08317348,-4.20064698,49.89332520572996,0,DJI_Mavic_Air,LSS
2022-08-17 14:54:55.380,104.51192480539646,159.9317673578671,49.98189983918224,-0.038553312248028694,1.3134721436624819,0.09137546899488948,51.08318529,-4.20064753,49.98476074367571,0,DJI_Mavic_Air,LSS
2022-08-17 14:54:56.350,104.49158761279655,160.72832225683908,49.98188013570077,-0.02033099164745826,0.796312023804716,-1.9697473740910153e-05,51.08319245,-4.20064782,49.98476074367571,0,DJI_Mavic_Air,LSS
2022-08-17 14:54:57.420,105.37869889431579,161.12328043005505,49.98185559854844,0.8868407950767406,0.3948377477029192,-2.4529670778165324e-05,51.083196,-4.20063516,49.98476074367571,0,DJI_Mavic_Air,LSS
2022-08-17 14:54:58.490,108.78281567372234,161.7318957215993,50.103697202252725,3.4030788403602403,0.6084297204795077,0.12180445334601234,51.08320147,-4.20058658,50.10667479427004,0,DJI_Mavic_Air,LSS
2022-08-17 14:54:59.460,113.52670659562557,162.84561785899155,50.10358634035849,4.742444476337947,1.113382555712752,-0.00011082809166741151,51.08321148,-4.20051888,50.10667479427004,0,DJI_Mavic_Air,LSS
2022-08-17 14:55:00.420,117.89570566447911,164.02608622626016,50.10347697193955,4.367666930439756,1.180108434196187,-0.00010933507174305525,51.08322209,-4.20045653,50.10667479427004,0,DJI_Mavic_Air,LSS
2022-08-17 14:55:01.490,121.43924771804238,165.11976006439454,49.981468335680255,3.5424616027744253,1.0933403693217356,-0.1219714349716288,51.08323192,-4.20040596,49.98476074367571,0,DJI_Mavic_Air,LSS
2022-08-17 14:55:02.450,124.01088634183301,166.12997796989038,49.98139270458016,2.5708545131641185,1.0099098829815263,-7.560803964347214e-05,51.083241,-4.20036926,49.98476074367571,0,DJI_Mavic_Air,LSS
2022-08-17 14:55:03.500,125.87480191404666,166.63509908256714,49.889907543309285,1.863347251301995,0.504967097711959,-0.0914572668044991,51.08324554,-4.20034266,49.89332520572996,0,DJI_Mavic_Air,LSS
2022-08-17 14:55:04.360,127.17954592759064,166.97778575273287,49.98130828372638,1.3043461879566547,0.34258218260004014,0.09137287169122729,51.08324862,-4.20032404,49.98476074367571,0,DJI_Mavic_Air,LSS
2022-08-17 14:55:05.330,127.88867369635899,167.1569145769334,49.88985390050098,0.708911550745377,0.1790742065675149,-0.09142649814346314,51.08325023,-4.20031392,49.89332520572996,0,DJI_Mavic_Air,LSS
2022-08-17 14:55:06.390,128.1066003514818,167.18696008150837,49.98128428550718,0.21786020775944298,0.030036343490221152,0.09140250724148972,51.0832505,-4.20031081,49.98476074367571,0,DJI_Mavic_Air,LSS
2022-08-17 14:55:07.350,127.9468727735486,165.66282094182577,49.98132727970292,-0.1596788758760544,-1.5236744189848128,4.298108650644879e-05,51.0832368,-4.20031309,49.98476074367571,0,DJI_Mavic_Air,LSS
2022-08-17 14:55:08.420,127.81593423074246,161.66780121856902,49.88999693876413,-0.13089861872743705,-3.993801613764548,-0.09130249367821748,51.08320089,-4.20031496,49.89332520572996,0,DJI_Mavic_Air,LSS
2022-08-17 14:55:09.390,127.76001955502521,155.94951403890752,49.98157606097194,-0.05589762694103005,-5.716543633853177,0.0915511990920882,51.08314949,-4.20031576,49.98476074367571,0,DJI_Mavic_Air,LSS
2022-08-17 14:55:10.440,127.90594205670355,148.96408152464323,49.89030468095713,0.14587800888563196,-6.983302606969164,-0.09124355073183651,51.0830867,-4.20031368,49.89332520572996,0,DJI_Mavic_Air,LSS
2022-08-17 14:55:11.400,128.62926952649758,141.73947253615304,49.70758383232911,0.7231069221827631,-7.222406154613032,-0.18266513576161544,51.08302176,-4.20030336,49.71045412983846,0,DJI_Mavic_Air,LSS
2022-08-17 14:55:12.460,129.83401327841668,134.2934949878337,49.890591771208456,1.2043764171118774,-7.443707217617975,0.18295213847711378,51.08295483,-4.20028617,49.89332520572996,0,DJI_Mavic_Air,LSS
2022-08-17 14:55:13.420,131.24126787783734,126.85308142342703,49.89071544234739,1.4068255176377882,-7.438144930202957,0.00012363343074036704,51.08288795,-4.20026609,49.89332520572996,0,DJI_Mavic_Air,LSS
2022-08-17 14:55:14.480,132.41658909241826,119.30030084344818,49.9822725709326,1.1749628509113907,-7.550477684285137,0.09152921217549462,51.08282006,-4.20024932,49.98476074367571,0,DJI_Mavic_Air,LSS
2022-08-17 14:55:15.430,133.18687929342056,112.02229603357667,49.890953087995264,0.7700553341253885,-7.275785695234472,-0.09129163898744555,51.08275464,-4.20023833,49.89332520572996,0,DJI_Mavic_Air,LSS
2022-08-17 14:55:16.510,133.4680481890391,105.32834830418065,49.9824968869877,0.28108316525314697,-6.69190669785317,0.09151588664700548,51.08269447,-4.20023432,49.98476074367571,0,DJI_Mavic_Air,LSS
2022-08-17 14:55:17.450,133.4471773949959,99.4810092980637,49.982591262789974,-0.020864430391949577,-5.845556111502946,9.434702643405112e-05,51.08264191,-4.20023462,49.98476074367571,0,DJI_Mavic_Air,LSS
2022-08-17 14:55:18.420,133.11936994379536,94.19770362064818,49.98267836597084,-0.32770750041290164,-5.281694760513556,8.70766224972702e-05,51.08259442,-4.2002393,49.98476074367571,0,DJI_Mavic_Air,LSS
2022-08-17 14:55:19.380,132.50564939009416,89.38831876537658,49.98276037828662,-0.6135334260062675,-4.807918440147358,8.198730964997957e-05,51.08255119,-4.20024806,49.98476074367571,0,DJI_Mavic_Air,LSS
2022-08-17 14:55:20.340,131.69711447764442,84.91045621591581,49.98283831203129,-0.8082883844924739,-4.476497217809335,7.790998212558506e-05,51.08251094,-4.2002596,49.98476074367571,0,DJI_Mavic_Air,LSS
2022-08-17 14:55:21.420,130.9579454999958,80.75299922550232,50.1048215763292,-0.7389435998506771,-4.156189352660932,0.12194607074633232,51.08247357,-4.20027015,50.10667479427004,0,DJI_Mavic_Air,LSS
2022-08-17 14:55:22.370,130.2979442593881,77.06724583510284,50.10488069506113,-0.6598000016072083,-3.684629578378078,5.9100706210483714e-05,51.08244044,-4.20027957,50.10667479427004,0,DJI_Mavic_Air,LSS
2022-08-17 14:55:23.420,129.65124317175523,73.79756919901612,49.98301848997169,-0.6465039039421606,-3.268679688781636,-0.1218250484496582,51.08241105,-4.2002888,49.98476074367571,0,DJI_Mavic_Air,LSS
2022-08-17 14:55:24.380,128.6849991739425,70.84272571241124,49.98307154208615,-0.965949383250848,-2.953942534131976,5.303593849847532e-05,51.08238449,-4.20030259,49.98476074367571,0,DJI_Mavic_Air,LSS
2022-08-17 14:55:25.460,128.16441120171433,68.40075931497104,49.9831086754816,-0.5204292413095571,-2.441221824783638,3.71220732195285e-05,51.08236254,-4.20031002,49.98476074367571,0,DJI_Mavic_Air,LSS
2022-08-17 14:55:26.440,128.00328200078852,66.75980710997543,49.98312930186659,-0.1610800715040049,-1.640451867176125,2.0620095858328625e-05,51.08234779,-4.20031232,49.98476074367571,0,DJI_Mavic_Air,LSS
2022-08-17 14:55:27.400,127.95635653253774,65.88871402387817,50.10505335579007,-0.04691116034687091,-0.870827483714728,0.12188687842555915,51.08233996,-4.20031299,50.10667479427004,0,DJI_Mavic_Air,LSS
2022-08-17 14:55:28.470,128.22403905249422,65.88093311780932,50.105048071128046,0.26760090168146744,-0.007778533616092275,-5.283050693079997e-06,51.08233989,-4.20030917,50.10667479427004,0,DJI_Mavic_Air,LSS
2022-08-17 14:55:29.440,131.09494809544827,66.52848321728777,49.98306905278767,2.870033682680836,0.6473526569180911,-0.1219418260834205,51.08234571,-4.2002682,49.98476074367571,0,DJI_Mavic_Air,LSS
2022-08-17 14:55:30.510,135.6266016910446,67.49314412347846,49.98296435207847,4.530271862678222,0.9643667743245182,-0.00010466878522171826,51.08235438,-4.20020353,49.98476074367571,0,DJI_Mavic_Air,LSS
2022-08-17 14:55:31.470,140.22132322049345,68.34210996957954,49.98285615055863,4.593320566675997,0.8487069904689875,-0.00010816852843519787,51.08236201,-4.20013796,49.98476074367571,0,DJI_Mavic_Air,LSS
2022-08-17 14:55:32.320,143.87565735500223,68.9997023542958,49.982767845839874,3.653219902438543,0.6573918801928083,-8.827779403135663e-05,51.08236792,-4.20008581,49.98476074367571,0,DJI_Mavic_Air,LSS
2022-08-17 14:55:33.390,146.53284611024574,69.42809241929746,49.98270282259713,2.6563785597827763,0.42825944587066,-6.500341669828776e-05,51.08237177,-4.20004789,49.98476074367571,0,DJI_Mavic_Air,LSS
2022-08-17 14:55:34.360,148.56287789879065,69.70182724969737,49.98265296887878,2.0294128176355244,0.2736513667330634,-4.9838517603886374e-05,51.08237423,-4.20001892,49.98476074367571,0,DJI_Mavic_Air,LSS
2022-08-17 14:55:35.440,150.0449328336244,69.94550922135326,49.98261567788211,1.4816030459047398,0.24360767131613725,-3.7279626386775016e-05,51.08237642,-4.19999777,49.98476074367571,0,DJI_Mavic_Air,LSS
2022-08-17 14:55:36.390,150.9068369066851,70.09238531381804,49.982593770725906,0.8616412724726098,0.14683130891556037,-2.19004765575216e-05,51.08237774,-4.19998547,49.98476074367571,0,DJI_Mavic_Air,LSS
2022-08-17 14:55:37.460,151.2144602562647,70.12131950693717,49.98258618233821,0.3075295530659011,0.028925370881008664,-7.586073943436492e-06,51.082378,-4.19998108,49.98476074367571,0,DJI_Mavic_Air,LSS
2022-08-17 14:55:38.430,151.18362468734705,70.1524678008117,49.8911510315593,-0.030826166936722355,0.031138796541591917,-0.09140727156108028,51.08237828,-4.19998152,49.89332520572996,0,DJI_Mavic_Air,LSS
2022-08-17 14:55:39.400,151.00913251765286,70.50957853057434,49.982586754802554,-0.17443896580961818,0.3570018442001573,0.09140784385087626,51.08238149,-4.19998401,49.98476074367571,0,DJI_Mavic_Air,LSS
2022-08-17 14:55:40.380,150.80653579605962,73.45883077338493,50.104472282032134,-0.2025349484339659,2.9483529951470673,0.12184836347871879,51.082408,-4.1999869,50.10667479427004,0,DJI_Mavic_Air,LSS
2022-08-17 14:55:41.430,150.77065513379324,78.3538618205292,50.10441483587806,-0.03586972200116885,4.893538517896314,-5.742863833896589e-05,51.082452,-4.19998741,50.10667479427004,0,DJI_Mavic_Air,LSS
2022-08-17 14:55:42.410,150.75364044590467,85.09676809450765,50.10432878513526,-0.017009499991078685,6.740850314632485,-8.602450532742181e-05,51.08251261,-4.19998765,50.10667479427004,0,DJI_Mavic_Air,LSS
2022-08-17 14:55:43.450,150.77231021798357,93.55849750852055,49.982295712697976,0.01866407953465034,8.45914937345399,-0.12199586369885475,51.08258867,-4.19998738,49.98476074367571,0,DJI_Mavic_Air,LSS
2022-08-17 14:55:44.510,150.77974329564566,102.97030958136841,49.98215044489946,0.007430811264649734,9.408942345432509,-0.00014522350534651628,51.08267327,-4.19998727,49.98476074367571,0,DJI_Mavic_Air,LSS
2022-08-17 14:55:45.460,150.77947888207245,112.01944417432699,49.98199784568142,-0.0002643329516552471,9.046375448446804,-0.00015255268947016168,51.08275461,-4.19998727,49.98476074367571,0,DJI_Mavic_Air,LSS
2022-08-17 14:55:46.420,150.74419400962356,120.51677422495945,49.981843682641276,-0.03527411384417541,8.494739155190123,-0.00015411603475277397,51.08283099,-4.19998777,49.98476074367571,0,DJI_Mavic_Air,LSS
2022-08-17 14:55:47.380,150.69562136449932,128.12409810753434,49.98169645750995,-0.04855783498456824,7.6050043562462335,-0.00014718024135519642,51.08289937,-4.19998846,49.98476074367571,0,DJI_Mavic_Air,LSS
2022-08-17 14:55:48.350,150.69541960581466,135.03276886175635,49.98155385172485,-0.00020169716701750104,6.906564252125118,-0.0001425623035980161,51.08296147,-4.19998846,49.98476074367571,0,DJI_Mavic_Air,LSS
2022-08-17 14:55:49.410,150.64898517829,141.41299733223747,49.98141659243529,-0.046420269342523614,6.3782830941374025,-0.00013721743824054726,51.08301882,-4.19998912,49.98476074367571,0,DJI_Mavic_Air,LSS
2022-08-17 14:55:50.350,150.61378076104938,147.16799703654326,49.981287149197165,-0.03519368316724074,5.753244964591588,-0.00012940376997307534,51.08307055,-4.19998962,49.98476074367571,0,DJI_Mavic_Air,LSS
2022-08-17 14:55:51.420,150.66898746809477,152.4312740718997,50.1030762064477,0.05518987413377508,5.261672225327727,0.12175192291404945,51.08311786,-4.19998883,50.10667479427004,0,DJI_Mavic_Air,LSS
2022-08-17 14:55:52.390,150.7676501679499,157.1193802576014,49.98104599358153,0.09863261690698347,4.6866767492931505,-0.12199300499964655,51.08316,-4.19998742,49.98476074367571,0,DJI_Mavic_Air,LSS
2022-08-17 14:55:53.370,150.83550477011278,161.18226240777446,50.10285700064243,0.06783391281945772,4.061643348951637,0.12177386603175896,51.08319652,-4.19998645,50.10667479427004,0,DJI_Mavic_Air,LSS
2022-08-17 14:55:54.430,150.81648288690707,164.5831939587423,49.98085649523935,-0.019016083300303264,3.3998945831199885,-0.12196330659456793,51.08322709,-4.19998672,49.98476074367571,0,DJI_Mavic_Air,LSS
2022-08-17 14:55:55.490,150.81640291370002,167.41786608488889,50.10269672472281,-7.994882265953214e-05,2.833807814763083,0.12180307954419943,51.08325257,-4.19998672,50.10667479427004,0,DJI_Mavic_Air,LSS
2022-08-17 14:55:56.460,150.81353116247354,169.67514037886048,49.9807230546933,-0.0028708756094182187,2.2565860352308453,-0.12193647940329354,51.08327286,-4.19998676,49.98476074367571,0,DJI_Mavic_Air,LSS
2022-08-17 14:55:57.420,150.8148856275374,171.28271366368443,49.980680028132056,0.001354052077971278,1.607083124470993,-4.301344214381036e-05,51.08328731,-4.19998674,49.98476074367571,0,DJI_Mavic_Air,LSS
2022-08-17 14:55:58.490,150.7966367968112,172.23501702497038,49.88921925972089,-0.018243266529887607,0.952012997321759,-0.09143288138234562,51.08329587,-4.199987,49.89332520572996,0,DJI_Mavic_Air,LSS
2022-08-17 14:55:59.460,150.9563921788965,172.57099893778565,49.88920640098621,0.15970667155045662,0.3358794695770498,-1.285481395967638e-05,51.08329889,-4.19998472,49.89332520572996,0,DJI_Mavic_Air,LSS
2022-08-17 14:56:00.330,153.4201386994151,172.68009980432205,49.98058031775561,2.462995306949992,0.10906760091812857,0.0913460562222512,51.08329987,-4.19994956,49.98476074367571,0,DJI_Mavic_Air,LSS
2022-08-17 14:56:01.380,157.592939025715,173.25094518568318,50.102377346073624,4.171528010256764,0.5706713266065093,0.12175989155109056,51.083305,-4.19989001,50.10667479427004,0,DJI_Mavic_Air,LSS
2022-08-17 14:56:02.360,162.2870637456223,174.06433030476802,49.98032366513678,4.692693448405544,0.8131371122656008,-0.12201646591474,51.08331231,-4.19982302,49.98476074367571,0,DJI_Mavic_Air,LSS
2022-08-17 14:56:03.410,166.18237269972636,174.71638698493047,50.10211977732949,3.89412124712368,0.6518578635140736,0.12175897570512174,51.08331817,-4.19976743,50.10667479427004,0,DJI_Mavic_Air,LSS
2022-08-17 14:56:04.380,169.2921626901545,175.3628515555077,49.980106357885134,3.108841793681068,0.646267459002227,-0.12197621669826443,51.08332398,-4.19972305,49.98476074367571,0,DJI_Mavic_Air,LSS
2022-08-17 14:56:05.450,171.612945794854,175.8268438199772,49.98003168049813,2.3200754816775895,0.463850789978567,-7.465461734654936e-05,51.08332815,-4.19968993,49.98476074367571,0,DJI_Mavic_Air,LSS
2022-08-17 14:56:06.400,173.1124859197246,176.11058330730089,49.97998340572538,1.4990829045847076,0.28365297316687016,-4.826005343541297e-05,51.0833307,-4.19966853,49.98476074367571,0,DJI_Mavic_Air,LSS
2022-08-17 14:56:07.390,174.14394686664477,176.2563564882028,49.97995135508532,1.0311464472537504,0.14572873363816685,-3.2040867593784756e-05,51.08333201,-4.19965381,49.98476074367571,0,DJI_Mavic_Air,LSS
2022-08-17 14:56:08.440,174.58399751971982,176.37652216207744,49.97993602509902,0.43991647854909016,0.12012903451909542,-1.532531207709093e-05,51.08333309,-4.19964753,49.98476074367571,0,DJI_Mavic_Air,LSS
2022-08-17 14:56:09.410,174.75218120229576,176.08393839679812,49.97993951759702,0.16813240219327436,-0.29249455444021344,3.4914331085959444e-06,51.08333046,-4.19964513,49.98476074367571,0,DJI_Mavic_Air,LSS
2022-08-17 14:56:10.470,175.28128594163965,174.37514490816815,49.97997200500764,0.528943411603354,-1.7082724655279788,3.24775049822096e-05,51.0833151,-4.19963758,49.98476074367571,0,DJI_Mavic_Air,LSS
2022-08-17 14:56:11.440,176.22666038911674,171.45150509587137,49.88858977932118,0.9450861961872558,-2.922748374042701,-0.09135436260586437,51.08328882,-4.19962409,49.89332520572996,0,DJI_Mavic_Air,LSS
2022-08-17 14:56:12.510,177.49089861083525,167.64788556390232,49.88865596969567,1.2638527466307778,-3.8024597817356183,6.617019258111231e-05,51.08325463,-4.19960605,49.89332520572996,0,DJI_Mavic_Air,LSS
2022-08-17 14:56:13.470,178.85396376356593,163.11446258796485,49.79730005273014,1.3626495446195748,-4.5320407035228945,-0.09132806190665138,51.08321388,-4.1995866,49.80188966778421,0,DJI_Mavic_Air,LSS
2022-08-17 14:56:14.410,180.10914869226062,157.8156335629752,49.79739819764458,1.254802214019413,-5.29721337491031,9.811498937439295e-05,51.08316625,-4.19956869,49.80188966778421,0,DJI_Mavic_Air,LSS
2022-08-17 14:56:15.360,180.87107162736768,151.23740626599445,49.88897169087408,0.761690619468128,-6.576221549408173,0.09154557183008853,51.08310712,-4.19955782,49.89332520572996,0,DJI_Mavic_Air,LSS
2022-08-17 14:56:16.340,180.92110122739152,143.48212387598028,50.102499151458105,0.05001434564841084,-7.7529177501003925,0.21346235456588256,51.08303741,-4.19955711,50.10667479427004,0,DJI_Mavic_Air,LSS
2022-08-17 14:56:17.390,179.9410698408398,135.12938143809322,49.980795313371004,-0.9797325681184534,-8.350195628220453,-0.12166672973453124,51.08296233,-4.1995711,49.98476074367571,0,DJI_Mavic_Air,LSS
2022-08-17 14:56:18.360,177.87421040442996,126.79997136036948,50.19437389680069,-2.066229236492698,-8.326870382257148,0.21351346182383057,51.08288746,-4.1996006,50.198110332215784,0,DJI_Mavic_Air,LSS
2022-08-17 14:56:19.410,175.94746746063473,118.803198202539,49.981231702924305,-1.9261554663779878,-7.994334885690353,-0.21307720532876118,51.08281558,-4.1996281,49.98476074367571,0,DJI_Mavic_Air,LSS
2022-08-17 14:56:20.380,174.93165383560796,111.49955297329643,49.9813915299498,-1.0155038963383827,-7.301418296662081,0.00015977829311936964,51.08274993,-4.1996426,49.98476074367571,0,DJI_Mavic_Air,LSS
2022-08-17 14:56:21.430,174.48620640655665,105.03253279009539,49.98151354951657,-0.44531160901056505,-6.4650483434562895,0.00012198236214659624,51.0826918,-4.19964896,49.98476074367571,0,DJI_Mavic_Air,LSS
2022-08-17 14:56:22.390,174.3280368813715,99.22190171943694,49.981610961673695,-0.15812129818919657,-5.808859368551037,9.738245547574546e-05,51.08263957,-4.19965122,49.98476074367571,0,DJI_Mavic_Air,LSS
2022-08-17 14:56:23.380,174.24622787818706,93.98198953302176,49.98169260565008,-0.08178405904643712,-5.238314500492532,8.161908256647555e-05,51.08259247,-4.19965239,49.98476074367571,0,DJI_Mavic_Air,LSS
2022-08-17 14:56:24.410,174.24708560363877,89.33282155329323,49.981759433996146,0.0008574639252120673,-4.6477504158516965,6.680796963334688e-05,51.08255068,-4.19965238,49.98476074367571,0,DJI_Mavic_Air,LSS
2022-08-17 14:56:25.480,174.26264337372646,85.23879687108041,50.103729123472945,0.015553026414639634,-4.0927763854152674,0.1219325000642796,51.08251388,-4.19965216,50.10667479427004,0,DJI_Mavic_Air,LSS
2022-08-17 14:56:26.450,174.2501481907832,81.74218598205995,50.10377526368734,-0.012491373074481183,-3.4955447478723585,4.612614591958041e-05,51.08248245,-4.19965234,50.10667479427004,0,DJI_Mavic_Air,LSS
2022-08-17 14:56:27.430,174.24744058666008,78.91864235650164,50.10381092079989,-0.0027067785556574046,-2.8226827073325786,3.5646240444602085e-05,51.08245707,-4.19965238,50.10667479427004,0,DJI_Mavic_Air,LSS
2022-08-17 14:56:28.380,174.1998622766626,76.69251218079341,49.98192533958693,-0.0475638030375498,-2.2254514130272476,-0.12184841744563664,51.08243706,-4.19965306,49.98476074367571,0,DJI_Mavic_Air,LSS
2022-08-17 14:56:30.190,174.1837952946135,75.21176445763751,49.98194342239475,-0.01606208311374693,-1.480296232804895,1.8077294245263124e-05,51.08242375,-4.19965329,49.98476074367571,0,DJI_Mavic_Air,LSS
2022-08-17 14:56:30.750,174.13267841403558,74.1159430704557,49.98195764996906,-0.051101294683043745,-1.0954872635664268,1.4223236224527582e-05,51.0824139,-4.19965402,49.98476074367571,0,DJI_Mavic_Air,LSS
2022-08-17 14:56:31.480,174.0752314881231,73.71321350115727,49.98196388521565,-0.057429409942440134,-0.4026067742322888,6.23334541714152e-06,51.08241028,-4.19965484,49.98476074367571,0,DJI_Mavic_Air,LSS
2022-08-17 14:56:32.460,174.05910899791834,73.87675152506694,49.98196243049212,-0.016117574344589873,0.16348816002085984,-1.4542799755766533e-06,51.08241175,-4.19965507,49.98476074367571,0,DJI_Mavic_Air,LSS
2022-08-17 14:56:33.500,173.9827194302703,74.07366167473826,49.890526688654916,-0.07636627593389032,0.1968501103876568,-0.0914078624391581,51.08241352,-4.19965616,49.89332520572996,0,DJI_Mavic_Air,LSS
2022-08-17 14:56:34.470,173.78230544372886,74.08700394496907,49.79909644736947,-0.20035287891336592,0.013338202079173992,-0.09140236356455678,51.08241364,-4.19965902,49.80188966778421,0,DJI_Mavic_Air,LSS
2022-08-17 14:56:35.540,171.70672529159458,73.91894587043662,49.7991544983778,-2.07494729320985,-0.16800683244855655,5.803330817201349e-05,51.08241213,-4.19968864,49.80188966778421,0,DJI_Mavic_Air,LSS
2022-08-17 14:56:36.490,168.00193974321832,73.35366919639446,49.707823951922265,-3.703655933316603,-0.5651043172253989,-0.09130269913230249,51.08240705,-4.19974151,49.71045412983846,0,DJI_Mavic_Air,LSS
2022-08-17 14:56:37.550,163.17528146835252,72.55695914360338,49.707958123806876,-4.825186592954942,-0.796467130316338,0.00013413097466335091,51.08239989,-4.19981039,49.71045412983846,0,DJI_Mavic_Air,LSS
2022-08-17 14:56:38.520,157.60794592148125,71.68569397620793,49.7995432375012,-5.565638027272959,-0.8709995125441238,0.09155718875175248,51.08239206,-4.19988984,49.80188966778421,0,DJI_Mavic_Air,LSS
