time,x,y,z,vel_x,vel_y,vel_z,lat,lon,alt,track_id,uav_category
1970-01-01 00:00:30.000000000,43.19908013573568,167.99270898398802,297.2639132424199,0.03485017972477639,0.0017981960723595983,2.9428361699741656,40.45898269100599,-79.7828012358454,297.26627708435063,0,LSS
1970-01-01 00:00:30.910000000,43.235684987159416,167.99459771743443,300.3549182707161,0.03485017972477639,0.0017981960723595983,2.9428361699741656,40.45898270727733,-79.78280080454961,300.357282409668,0,LSS
1970-01-01 00:00:32.000000000,43.2467818040914,167.9615425501027,303.7705684830288,0.010564885511369873,-0.03147065149938214,3.251919326159875,40.45898240880111,-79.78280067400185,303.7729318237305,0,LSS
1970-01-01 00:00:33.100000000,43.22318846595769,167.9350904145463,306.92362262695843,-0.022462379774444187,-0.02518413932551119,3.0019109304903773,40.458982169850046,-79.78280095240176,306.92598510742187,0,LSS
1970-01-01 00:00:34.100000000,43.25441161513245,167.93235020832157,310.09428822872155,0.029726452040947125,-0.002608853080955983,3.018678174362159,40.45898214441915,-79.78280058455934,310.0966508483886,0,LSS
1970-01-01 00:00:35.200000000,43.22096619516954,167.94226546737264,313.58091005151897,-0.031842197177232794,0.009439966193207996,3.319488877313557,40.4589822328795,-79.78280097913112,313.5832727050781,0,LSS
1970-01-01 00:00:36.200000000,43.151948070795626,167.94162008641933,316.94801029941345,-0.06570970636798994,-0.000614444297372926,3.2056966283535133,40.45898222627108,-79.78280179306651,316.950372467041,0,LSS
1970-01-01 00:00:37.310000000,43.100202566354525,167.95613007904808,319.93698197709284,-0.049265058034139914,0.013814448939110477,2.84569383859973,40.45898235622624,-79.78280240334009,319.93934417724614,0,LSS
1970-01-01 00:00:38.300000000,43.04945568310454,167.97438379193397,323.2046209983192,-0.048314306244862736,0.017378712109873906,3.111003124891238,40.45898251982727,-79.78280300186209,323.2069833374024,0,LSS
1970-01-01 00:00:39.400000000,43.03285243663798,167.99207110842661,326.18122129061453,-0.015807361616528494,0.01683946620850836,2.8339154817068444,40.458982678395145,-79.78280319783569,326.183583984375,0,LSS
1970-01-01 00:00:40.400000000,43.04841958969362,167.95512145563964,329.1957294566221,0.014820933856881689,-0.035178452863736547,2.870006222700783,40.458982344945376,-79.78280301455409,329.19809127807616,0,LSS
1970-01-01 00:00:41.500000000,43.08743114385376,167.93186044916604,332.52694852786794,0.03714151597244378,-0.022145978597212575,3.1715354336947708,40.45898213468587,-79.78280255490743,332.52930999755864,0,LSS
1970-01-01 00:00:42.500000000,43.10045383707904,167.93455840100592,335.8544401311713,0.012398443969836635,0.0025686241809889216,3.1679866437758992,40.45898215818942,-79.78280240164553,335.8568017578125,0,LSS
1970-01-01 00:00:43.600000000,43.11172105675542,167.97623603144524,338.82402055962547,0.010727119915745993,0.039679792563542045,2.827232118518846,40.45898253279023,-79.78280226904816,338.82638336181634,0,LSS
1970-01-01 00:00:44.600000000,43.14957576117973,167.98588522969618,340.8800045462537,0.03604012040218256,0.009186659149426117,1.957429375025096,40.45898261919052,-79.78280182293706,340.88236785888665,0,LSS
1970-01-01 00:00:45.600000000,43.11856006558342,167.99832355100608,341.9494242894668,-0.029528942852629518,0.011842084211915143,1.0181565776832986,40.45898273094493,-79.78280218866941,341.9517877197265,0,LSS
1970-01-01 00:00:46.700000000,43.001077734241406,167.8780565541757,342.3026005585412,-0.11185075755011961,-0.11450193871786109,0.33624658953778647,40.45898164786296,-79.7828035737199,342.3049600219726,0,LSS
1970-01-01 00:00:47.810000000,43.38901406899919,167.75322449028363,342.4084895935473,0.3693404142411543,-0.11884817702695571,0.10081319162116648,40.45898052370517,-79.78279900030586,342.41084838867187,0,LSS
1970-01-01 00:00:48.800000000,45.733519031583526,168.55763592399856,342.6013230721123,2.232119954971479,0.7658515728723809,0.18358991017745352,40.4589877672569,-79.78277136059636,342.60371948242187,0,LSS
1970-01-01 00:00:49.900000000,50.629861547098,170.70475780992376,342.9133169093499,4.661633909790438,2.0441985339398636,0.29703825798624467,40.45900710172549,-79.78271363684387,342.9158074951172,0,LSS
1970-01-01 00:00:50.900000000,56.98560342538221,173.9001831830266,343.09199458511193,6.05107624064402,3.042251073788651,0.17011267279928868,40.45903587606689,-79.78263870790123,343.0946252441406,0,LSS
1970-01-01 00:00:52.000000000,66.57609559054471,179.03644470664307,343.1639563299477,9.130767168971934,4.890052281305041,0.06851222292379908,40.45908212735533,-79.78252564375646,343.1668222045898,0,LSS
1970-01-01 00:00:53.000000000,75.35475025110999,183.8475122352931,343.04953245421535,8.3578454976063,4.58044662169434,-0.10893891052628275,40.4591254502834,-79.7824221503474,343.0526330566406,0,LSS
1970-01-01 00:00:54.100000000,84.57494191751407,188.9394688509999,342.864712805114,8.77821720818897,4.847871151119111,-0.17596022760184563,40.45917130249944,-79.78231345140314,342.8680780029297,0,LSS
1970-01-01 00:00:55.100000000,93.7652219280387,194.0139111672426,342.57601016827755,8.749739382362083,4.831196408282113,-0.27486353282236015,40.45921699693126,-79.78220510492297,342.5796563720703,0,LSS
1970-01-01 00:00:56.200000000,103.13236311302639,199.168533819917,342.18710331818653,8.918122628752622,4.907533260539489,-0.3702644074407825,40.45926341329538,-79.7820946732064,342.1910531616212,0,LSS
1970-01-01 00:00:57.200000000,111.02283700850737,203.47172991577233,341.73838670700627,7.512240117790354,4.096920257795578,-0.42720715798297465,40.45930216268021,-79.7820016501665,341.74260498046874,0,LSS
1970-01-01 00:00:58.310000000,120.98937872325388,208.98469084717152,341.5589727527288,9.488790596979205,5.24869441623612,-0.17081365743909202,40.45935180554745,-79.78188415167318,341.5635507202148,0,LSS
1970-01-01 00:00:59.300000000,129.67155139312683,213.7834571353353,341.56898842768084,8.265988418966415,4.568735047268851,0.009535568608203471,40.45939501711965,-79.78178179487873,341.57389617919915,0,LSS
1970-01-01 00:01:00.400000000,138.5310175287292,218.43715501122057,341.6589458779544,8.434783234527153,4.43062056124703,0.08564529530048885,40.4594369222057,-79.78167734785579,341.6641976928712,0,LSS
1970-01-01 00:01:01.400000000,147.41839418422728,223.23211342215166,341.71359608843903,8.461355849815716,4.565109702518961,0.05203052555352939,40.459480099252936,-79.78157257162049,341.71921325683587,0,LSS
1970-01-01 00:01:02.400000000,157.11764609794022,228.34376265916643,341.64954669915915,9.234313465060605,4.866619796862542,-0.0609791500538271,40.45952612788979,-79.7814582237612,341.65557647705083,0,LSS
1970-01-01 00:01:03.500000000,164.24147609241513,232.19621129333208,341.7440690767546,6.782345672224093,3.667779599129103,0.0899914005682562,40.45956081777535,-79.78137423836469,341.75041748046874,0,LSS
1970-01-01 00:01:04.599999999,168.75973178556194,234.61623497189296,341.55960501787297,4.301670866680325,2.3040186438611174,-0.1756216827755771,40.45958260924044,-79.78132097090827,341.56615997314447,0,LSS
1970-01-01 00:01:05.599999999,169.7120377159992,234.99457658864216,341.0441544474701,0.9066566735792221,0.3602056237966585,-0.49074219178852996,40.459586016183685,-79.78130974368803,341.05074859619134,0,LSS
1970-01-01 00:01:06.700000000,169.32073070877462,234.8974589479776,340.9286517552748,-0.37254951185233004,-0.09246225841558355,-0.10996601338723033,40.45958514175759,-79.7813143568884,340.93523193359374,0,LSS
1970-01-01 00:01:07.700000000,168.4777480011932,234.74994866015726,340.9412908791248,-0.8025739136053135,-0.14043930904904267,0.012033261182678345,40.45958381359456,-79.78132429505344,340.94784332275384,0,LSS
1970-01-01 00:01:08.800000000,166.91952995788358,233.4636218399382,341.3979907505706,-1.4835240889548222,-1.2246661064265738,0.43480773671021256,40.45957223038597,-79.78134266573177,341.4044549560547,0,LSS
1970-01-01 00:01:09.800000000,164.91781106384957,230.0487492870294,341.86196565462456,-1.9057655065449801,-3.251178944245012,0.44173403702382863,40.45954147971201,-79.78136626548941,341.86825347900384,0,LSS
1970-01-01 00:01:10.900000000,161.57619108892337,223.3194769521017,342.15234512486666,-3.1814377649011933,-6.406701329679672,0.2764599863874779,40.45948088319275,-79.78140566240229,342.1583078002929,0,LSS
1970-01-01 00:01:11.900000000,158.2090911386211,216.5505098176979,342.18496624527285,-3.2056963450265346,-6.444493339265135,0.031057410828391883,40.459419929297226,-79.78144535956406,342.1906106567384,0,LSS
1970-01-01 00:01:13.010000000,153.36172745038527,206.5873849954213,342.0299668464088,-4.615002906877444,-9.485537494943678,-0.14756942584231475,40.45933021233462,-79.78150250848795,342.03516174316405,0,LSS
1970-01-01 00:01:14.000000000,148.6636485571632,196.92981494400036,341.7239724141209,-4.472874152516983,-9.194629643500349,-0.2913264374868631,40.459243246873584,-79.78155789720522,341.72875,0,LSS
1970-01-01 00:01:15.100000000,143.69215348243077,186.62627106492022,341.2554407534691,-4.733183993827238,-9.809638395504864,-0.44607236323528654,40.45915046447278,-79.78161650923509,341.2597940063476,0,LSS
1970-01-01 00:01:16.100000000,139.32064127061062,177.39996256978364,340.8468278359907,-4.161961606875568,-8.78404082370391,-0.38902585471911244,40.45906738241656,-79.78166804760713,340.8508203125,0,LSS
1970-01-01 00:01:17.200000000,135.21458443479509,168.96941514494068,340.4869465709871,-3.9092309659127933,-8.026424954794031,-0.3426301781633064,40.45899146609976,-79.78171645621319,340.4906213378906,0,LSS
1970-01-01 00:01:18.200000000,131.7047753410657,161.90396197970205,340.2911281755219,-3.341564654918877,-6.726767165236161,-0.1864317436063186,40.45892784229687,-79.78175783523625,340.2945458984375,0,LSS
1970-01-01 00:01:19.310000000,126.94961492415872,152.65608264708357,340.20172374417814,-4.527219445067282,-8.8045776523979,-0.0851187856072413,40.45884456589177,-79.7818138962303,340.2048165893554,0,LSS
1970-01-01 00:01:20.300000000,122.23256264069346,143.03069113683284,340.2481667283543,-4.490938043893282,-9.163993596652848,0.044216716706701395,40.45875788992507,-79.78186950793042,340.25094390869134,0,LSS
1970-01-01 00:01:21.400000000,118.11664361901158,134.56686707153852,340.3682255536477,-3.9186204030106904,-8.058106462989272,0.1143037459866862,40.45868167374893,-79.78191803248039,340.3707406616212,0,LSS
1970-01-01 00:01:22.400000000,114.34953048368803,126.5061198204802,340.50511719205656,-3.5865346997270007,-7.674351335659225,0.13032966986104944,40.45860908721061,-79.78196244475446,340.5073983764648,0,LSS
1970-01-01 00:01:23.500000000,110.06452347878538,117.53857998938692,340.6506815233569,-4.07960306993452,-8.537676363849803,0.13858663291949952,40.45852833505643,-79.78201296256822,340.65271545410155,0,LSS
1970-01-01 00:01:24.500000000,105.41052592070895,107.85956335666974,340.88467322275505,-4.430905878023806,-9.215048172290524,0.222775191291782,40.45844117606669,-79.78206783043736,340.8864572143554,0,LSS
1970-01-01 00:01:25.600000000,100.94793748098098,98.73596241309154,341.0729122275634,-4.2486720506498,-8.686256609544253,0.17921567479793668,40.45835901855789,-79.7821204415379,341.07447601318364,0,LSS
1970-01-01 00:01:26.600000000,96.66436328767617,89.92122620998279,341.129337808222,-4.078238940870906,-8.392197453521403,0.05372079247810336,40.45827964235203,-79.78217094203653,341.13070465087884,0,LSS
1970-01-01 00:01:27.700000000,92.09761663382801,80.73776124120425,341.0104946337356,-4.347837389142234,-8.743251023020479,-0.11314636800373766,40.45819694577297,-79.78222478075732,341.0116708374024,0,LSS
1970-01-01 00:01:28.700000000,87.37625989608593,71.11733937004874,340.9286139984134,-4.495036162020513,-9.159262179671247,-0.07795564647768792,40.45811031437953,-79.78228044210915,340.9296090698241,0,LSS
1970-01-01 00:01:29.800000000,83.66225065123773,62.96142402869896,341.3411489487694,-3.5359763705665443,-7.7649574963652865,0.3927598830064692,40.45803687069475,-79.78232422762049,341.34200836181634,0,LSS
1970-01-01 00:01:30.800000000,81.42451279879532,57.58345094777707,341.5455058487294,-2.130470779181403,-5.120177275288395,0.19456095065547974,40.45798844224712,-79.78235060895256,341.5462854003906,0,LSS
1970-01-01 00:01:31.900000000,80.6346564589604,55.525135802023414,341.60900309810154,-0.7519941846328475,-1.959648788882222,0.06045347724624797,40.45796990718961,-79.7823599208046,341.60975433349614,0,LSS
1970-01-01 00:01:32.910000000,80.90105417437383,56.11853255465954,341.7477503214453,0.2536278088648944,0.5649519851364874,0.13209630641223513,40.457975250690886,-79.78235678019979,341.74851013183587,0,LSS
1970-01-01 00:01:34.010000000,81.1920280218273,56.633848426684466,342.13612402179734,0.27702587183257377,0.49061395024408844,0.3697568144988186,40.45797989105108,-79.78235334991514,342.13689208984374,0,LSS
1970-01-01 00:01:35.000000000,81.36884941723731,58.494108195304875,342.67360341525324,0.1683453741661259,1.771087294433002,0.5117150522882362,40.45799664262839,-79.78235126521847,342.6743905639648,0,LSS
1970-01-01 00:01:36.100000000,80.54569660891954,62.189863687171595,342.8471246364858,-0.7836945703930523,3.518597620283087,0.16520339547382218,40.4580299229682,-79.78236096888716,342.8479364013672,0,LSS
1970-01-01 00:01:37.100000000,78.8175435996958,67.83646300507445,342.64244524814575,-1.6453131380367345,5.375926780434746,-0.19486798039511202,40.458080770773584,-79.78238134128446,342.6432931518554,0,LSS
1970-01-01 00:01:38.200000000,75.92703147572385,76.27000201317529,342.2448475256085,-2.7519539924081853,8.029273135025441,-0.37853867860799373,40.45815671509576,-79.78241541638094,342.2457559204101,0,LSS
1970-01-01 00:01:39.300000000,72.18400034890644,86.9019255446988,341.99956111153494,-3.5636070742366717,10.122277006522129,-0.23352848822017783,40.45825245592458,-79.78245954167356,342.0005624389648,0,LSS
1970-01-01 00:01:40.300000000,68.29966787579772,97.14068648916995,341.8361027796682,-3.6981350704467886,9.747960862980927,-0.15562287569823338,40.45834465631365,-79.78250533295156,341.83720947265624,0,LSS
1970-01-01 00:01:41.300000000,64.63445583714118,106.8335728668152,341.67279280308856,-3.48951828264372,9.22825306411988,-0.1554816318953281,40.4584319410704,-79.78254854119444,341.6740167236328,0,LSS
1970-01-01 00:01:42.400000000,61.21738930214832,116.03434287406552,341.64548179384195,-3.253267756710251,8.759726535894558,-0.02600184247959743,40.45851479426568,-79.78258882421477,341.646833190918,0,LSS
1970-01-01 00:01:43.400000000,58.32901214638472,124.22574131045722,341.4212941066793,-2.7499213649592655,7.798739691656495,-0.21344113924292657,40.45858855805346,-79.78262287465401,341.4227731323241,0,LSS
1970-01-01 00:01:44.510000000,55.62159335737938,132.4832888844424,341.2244582550668,-2.5776373272172757,7.861717937547595,-0.18740042748885452,40.458662917491225,-79.78265479183554,341.22607971191405,0,LSS
1970-01-01 00:01:45.500000000,52.483996581499085,141.8909637362804,341.1920019966579,-2.987194519041097,8.956713294188894,-0.030900451572667208,40.45874763381457,-79.78269178041627,341.1937997436524,0,LSS
1970-01-01 00:01:46.600000000,48.86429552482946,152.0773861013974,341.2425079814724,-3.4461888921393045,9.698131159373677,0.048084955395294726,40.45883936275764,-79.78273445261532,341.24451232910155,0,LSS
1970-01-01 00:01:47.600000000,45.494530610278986,161.46520735627314,341.2250362420352,-3.2082335628924032,8.937811389238954,-0.016634222946099213,40.458923900281206,-79.78277417845385,341.2272470092773,0,LSS
1970-01-01 00:01:48.700000000,43.1422330534958,167.81317091995663,341.4048504640866,-2.239539007304415,6.043670783409603,0.17119473817887942,40.45898106377386,-79.78280190955472,341.4072091674805,0,LSS
1970-01-01 00:01:49.800000000,42.41194381663979,169.15296909275207,341.2027553621957,-0.6952824602641688,1.2755742832100951,-0.19240757299802685,40.45899312874154,-79.78281051892378,341.2051446533203,0,LSS
1970-01-01 00:01:50.800000000,42.74456088018157,168.60568310618822,341.61546450952045,0.31667289971407153,-0.5210515614941793,0.3929257297571886,40.45898820031589,-79.78280659772673,341.61784149169915,0,LSS
1970-01-01 00:01:51.800000000,43.12788175638816,168.48687358885778,341.9131030198933,0.36494619998362116,-0.11311432422028063,0.2833710608310656,40.45898713034554,-79.78280207873874,341.9154794311524,0,LSS
1970-01-01 00:01:52.900000000,43.32255787246541,168.40711141829613,340.9918315354637,0.1853442199471288,-0.07593873137561961,-0.8771098791255194,40.45898641229677,-79.78279978360855,340.9942071533203,0,LSS
1970-01-01 00:01:54.000000000,43.25616125372759,168.50382616089698,338.3034520431511,-0.06321386390411123,0.09207867347029638,-2.5595106886497785,40.4589872838576,-79.78280056614578,338.30582977294915,0,LSS
1970-01-01 00:01:55.000000000,43.1228696492315,168.72333263559307,335.43428361335964,-0.12690220535849883,0.20898432301653025,-2.731633418788844,40.45898926120629,-79.7828021372954,335.4366662597656,0,LSS
1970-01-01 00:01:56.000000000,43.0579756601245,168.91664038656359,332.08027501449243,-0.06178326356953605,0.18404144810012535,-3.1932325340122287,40.45899100274929,-79.7828029020602,332.0826623535156,0,LSS
1970-01-01 00:01:57.100000000,43.12807492554631,169.00646891082255,328.3127665096959,0.06673902238380745,0.08552254941830026,-3.5869111169682877,40.45899181255382,-79.78280207534355,328.31515670776366,0,LSS
1970-01-01 00:01:58.100000000,43.23584361083362,168.74470742133053,325.1327647924279,0.10260273993435651,-0.2492138227313175,-3.0275667585421595,40.45898945614078,-79.78280080460583,325.1351487731933,0,LSS
1970-01-01 00:01:59.200000000,43.38764771482606,168.45488602180177,322.3422212101251,0.14452729901436553,-0.27592866707043273,-2.6567774923409293,40.45898684694997,-79.78279901475914,322.34459854125976,0,LSS
1970-01-01 00:02:00.300000000,43.51709849682675,168.29142822420675,319.2617078380905,0.12324549459340514,-0.1556223670370659,-2.932847436456456,40.458985375735146,-79.78279748840619,319.2640817260741,0,LSS
1970-01-01 00:02:01.300000000,43.5527078896927,168.2648448039088,316.32501319897693,0.03390243896642967,-0.025309130867886154,-2.795922725792635,40.45898513704813,-79.78279706836672,316.32738662719726,0,LSS
1970-01-01 00:02:02.300000000,43.42577699553818,168.02865462411188,313.3511929416405,-0.12084639882031505,-0.2248682864428119,-2.8312687091018853,40.45898301086116,-79.78279856455522,313.35355926513665,0,LSS
1970-01-01 00:02:03.310000000,43.471565482794176,167.8127041285904,310.0551129699914,0.04359359342085085,-0.20559880146643508,-3.1380807442565075,40.45898106699895,-79.78279802449674,310.0574739074707,0,LSS
1970-01-01 00:02:04.500000000,43.66144663116914,167.983419944903,306.6726036595947,0.18077910139864503,0.16253246902943108,-3.220367049806016,40.45898260509658,-79.782795785668,306.67497039794915,0,LSS
1970-01-01 00:02:05.500000000,43.818413950991754,167.9825032162409,303.59801764747954,0.14944301353418027,-0.0008727848192410478,-2.9272042074730993,40.45898259756411,-79.78279393490125,303.60038543701165,0,LSS
1970-01-01 00:02:06.500000000,43.747262243874644,167.74038259678065,300.7910100559202,-0.06774101476472122,-0.23051444754100958,-2.6724522911521227,40.45898041792526,-79.78279477351293,300.7933709716797,0,LSS
1970-01-01 00:02:07.600000000,43.59976545096407,167.35943875775033,297.7807252277195,-0.1404264610244529,-0.3626831072627506,-2.8659853326853497,40.458976988225096,-79.78279651216666,297.78307510375976,0,LSS
1970-01-01 00:02:08.600000000,43.728309769706044,167.2828857706965,295.23933880346056,0.12238248310035334,-0.07288338167010772,-2.4195638061814853,40.458976299455706,-79.78279499653094,295.2416875457764,0,LSS
1970-01-01 00:02:09.699999999,44.041358676213186,167.4428435789364,293.29228044183765,0.29804275198733143,0.15229015140670454,-1.853725153851632,40.45897774033102,-79.7827913057611,293.29463554382323,0,LSS
1970-01-01 00:02:10.800000000,44.12649408641721,167.41574144983133,291.51344336227817,0.08105440211208342,-0.025802975111187003,-1.6935676423355286,40.458977496691496,-79.7827903019382,291.51579833984374,0,LSS
1970-01-01 00:02:11.800000000,44.04023669423951,167.28711618471823,290.0399251543197,-0.08212260132365519,-0.12245954926705391,-1.4028843821991333,40.458976338765424,-79.7827913187348,290.04227615356444,0,LSS
1970-01-01 00:02:12.810000000,43.968249160138114,167.19548559934097,288.65863571530326,-0.06853677596817441,-0.08723822784356426,-1.3150766450164921,40.45897551395607,-79.78279216730617,288.6609838104248,0,LSS
1970-01-01 00:02:13.800000000,43.92806261539285,167.17403422515014,287.376732334096,-0.038260182801400144,-0.02042309193499683,-1.2204547071566285,40.458975321090286,-79.78279264097196,287.37907958984374,0,LSS
1970-01-01 00:02:14.900000000,43.981016250046544,167.16386922524052,285.97026289143616,0.05041527592609426,-0.009677735599900233,-1.3390496327028834,40.458975229883634,-79.78279201657601,285.97261024475085,0,LSS
1970-01-01 00:02:15.900000000,44.05165922317889,167.12496888830913,284.9536637721538,0.06725666719570725,-0.03703562999668793,-0.9678679365452582,40.4589748798198,-79.78279118366974,284.9560105895996,0,LSS
1970-01-01 00:02:17.000000000,44.02419783954926,167.0729596361463,283.9669194909611,-0.026145008592028215,-0.04951616287808415,-0.9394442049191942,40.45897441170713,-79.78279150734181,283.96926475524896,0,LSS
1970-01-01 00:02:18.000000000,44.02297751738174,167.06474918080463,283.11491280409183,-0.0011618254194742201,-0.007816883094731771,-0.8111653239725919,40.45897433797285,-79.78279152165982,283.1172578430176,0,LSS
1970-01-01 00:02:19.100000000,44.03174607971724,167.06777625372655,282.0587555505855,0.008348236953143351,0.002881968680813659,-1.0055298319952148,40.45897436548115,-79.78279141819911,282.061100730896,0,LSS
1970-01-01 00:02:20.110000000,44.0234105253426,167.05023088087285,281.0128633527678,-0.007935985443542373,-0.016704326708268977,-0.9957568368396534,40.45897420773132,-79.78279151638517,281.0152080154419,0,LSS
1970-01-01 00:02:21.200000000,43.910247379242556,167.3433135864337,279.94625181628675,-0.10773861459385634,0.27903364078117193,-1.0154829837330717,40.45897684722457,-79.78279285038593,279.9486034011841,0,LSS
1970-01-01 00:02:22.200000000,43.5822227827414,168.07560070888752,278.8852549172114,-0.31230057485765095,0.6971845762254374,-1.0101374867547346,40.45898344180301,-79.78279671741174,278.8876235580444,0,LSS
1970-01-01 00:02:23.300000000,43.06297017312825,169.02804203901195,277.8517392111222,-0.49436197836447443,0.9067855828152638,-0.9839736183775014,40.45899201889518,-79.78280283886139,277.85412956237786,0,LSS
1970-01-01 00:02:24.300000000,43.195497448363724,169.5217191564637,276.87881048654646,0.1261745145998853,0.47001246009825204,-0.926290903857434,40.45899646472829,-79.78280127635325,276.8812148666382,0,LSS
1970-01-01 00:02:25.400000000,44.84565010956126,170.41096060089302,275.658750296608,1.5710517753599402,0.8466152149707676,-1.1615759999185653,40.459004472635065,-79.78278182212523,275.66118980407714,0,LSS
1970-01-01 00:02:26.400000000,45.62339940910653,171.02892781245532,274.561811053934,0.740467501321247,0.5883446469338306,-1.0443569162954518,40.45901003771013,-79.78277265290377,274.56427265167235,0,LSS
1970-01-01 00:02:27.510000000,45.96288155906062,171.81181829919365,273.5311960402975,0.323208904806009,0.7453622431575833,-0.9812119720554441,40.45901708794445,-79.7827686505171,273.53368116378783,0,LSS
1970-01-01 00:02:28.600000000,46.14819535988514,172.5708409243698,272.4144596841616,0.1764306919171855,0.7226384993713116,-1.063205045309609,40.459023923278096,-79.78276646565408,272.4169666862488,0,LSS
1970-01-01 00:02:29.600000000,46.15299513046288,172.79723024649164,271.31575560382066,0.004569691195720087,0.21553723773891584,-1.0460371555939516,40.45902596220433,-79.78276640895827,271.3182687854767,0,LSS
1970-01-01 00:02:30.600000000,45.82450667022339,173.25239577686114,270.27939939281237,-0.3127422030577303,0.4333469450339826,-0.9866779622851992,40.459030061287066,-79.78277028147583,270.2819225883484,0,LSS
1970-01-01 00:02:31.700000000,45.2424744789935,174.16502085353162,269.1924053155101,-0.5541321896149682,0.8688779412085698,-1.0348884773558875,40.45903827986694,-79.78277714305429,269.1949492788315,0,LSS
1970-01-01 00:02:32.710000000,44.924354961691236,174.54129012556055,268.3315795807731,-0.3028703005403579,0.3582326179478775,-0.8195616264089148,40.45904166843982,-79.78278089335404,268.3341316080093,0,LSS
1970-01-01 00:02:33.800000000,44.802785043602384,174.60839534711465,267.9221907658007,-0.11574240379992945,0.06388849949312185,-0.3897645591821678,40.45904227283697,-79.78278232653663,267.9247437810899,0,LSS
1970-01-01 00:02:34.800000000,44.81532754428247,174.5901150588565,267.8859535828525,0.01194126969234406,-0.01740401357849066,-0.034500135619860116,40.45904210822936,-79.78278217866793,267.88850618362426,0,LSS
1970-01-01 00:02:35.900000000,44.83902234880031,174.55743407902514,267.9137837801041,0.022558982317158503,-0.03111440086233696,0.0264961429502035,40.4590418139256,-79.78278189932796,267.91633565187453,0,LSS
1970-01-01 00:02:36.900000000,44.846349202362504,174.52951655901086,267.9676265022774,0.006975637204577383,-0.026579279852967434,0.051261744594728646,40.45904156251176,-79.78278181295609,267.9701776599884,0,LSS
1970-01-01 00:02:38.000000000,44.83521136070277,174.50816553803025,268.0316998939779,-0.01060394369845819,-0.02032754920564798,0.06100200190645851,40.459041370228384,-79.78278194426998,268.03425038814544,0,LSS
1970-01-01 00:02:39.100000000,44.84005827949574,174.50726724270393,268.05191795973167,0.004614579337887851,-0.0008552350945474272,0.019248902749272045,40.459041362133895,-79.78278188713006,268.0544684624672,0,LSS
1970-01-01 00:02:40.100000000,44.852058475954486,174.50610796239778,268.04775946900816,0.011424961092687346,-0.0011037096299940706,-0.003959151409209636,40.45904135169483,-79.78278174565618,268.05031002521514,0,LSS
1970-01-01 00:02:41.200000000,44.85460250977101,174.5084851895793,268.0332205025837,0.002422084294388619,0.002263273618113502,-0.013842033861584783,40.45904137310546,-79.7827817156625,268.03577114105224,0,LSS
1970-01-01 00:02:42.200000000,44.85857667098652,174.50770903139846,268.0209986835209,0.003783657827550417,-0.0007389526536672755,-0.011635960107356548,40.45904136611888,-79.78278166880905,268.02354932785045,0,LSS
1970-01-01 00:02:43.300000000,44.84169472157629,174.50504550341267,268.01450220769084,-0.01607270479643784,-0.0025358504514104412,-0.00618506404065071,40.45904134213605,-79.78278186783466,268.0170526599884,0,LSS
1970-01-01 00:02:44.300000000,44.82872571961172,174.50060176775105,268.020906103947,-0.012347326426331379,-0.004230722989810301,0.00609692231457172,40.45904130211888,-79.78278202073064,268.0234563446045,0,LSS
1970-01-01 00:02:45.410000000,44.81411897087481,174.4904633136769,268.0417350890291,-0.013906566995264888,-0.009652462252201722,0.019830537356690006,40.459041210816686,-79.78278219293605,268.0442849493026,0,LSS
1970-01-01 00:02:46.500000000,44.7976639442974,174.47992864569778,268.06497463015614,-0.015666246721243175,-0.010029683447244305,0.02212554220269121,40.459041115946064,-79.78278238693156,268.06752408504485,0,LSS
1970-01-01 00:02:47.600000000,44.76888810692317,174.46505144556153,268.09848437495907,-0.027396453344770547,-0.014164054172712581,0.03190343857415711,40.45904098196862,-79.78278272618164,268.1010332202912,0,LSS
1970-01-01 00:02:48.600000000,44.747336373435665,174.44659427192641,268.14027188134344,-0.020518640459034038,-0.017572419867218535,0.03978440155069094,40.45904081575071,-79.78278298026571,268.14282006979,0,LSS
1970-01-01 00:02:49.700000000,44.72405494798174,174.4335032427721,268.1849336261726,-0.022165418783588627,-0.012463504182238726,0.04252086195080911,40.45904069785486,-79.78278325474145,268.1874812936784,0,LSS
1970-01-01 00:02:50.710000000,44.70269726644272,174.42250513356345,268.22898852613883,-0.020333890486897804,-0.010470909391694637,0.04194310649719942,40.459040598806034,-79.78278350653744,268.23153574228286,0,LSS
1970-01-01 00:02:51.800000000,44.67441570437846,174.4236002164605,268.2779533727685,-0.026925871366810485,0.0010425895555212408,0.04661769243331921,40.4590406086568,-79.7827838399605,268.28050042152404,0,LSS
1970-01-01 00:02:52.810000000,44.654710469107506,174.42199604145958,268.31597362995507,-0.01876065504984991,-0.00152727807702088,0.036197737310730026,40.45904059420271,-79.78278407227418,268.3185204958916,0,LSS
1970-01-01 00:02:53.900000000,44.63274294748039,174.42958174638628,268.3505132163296,-0.020914497588057357,0.007222080400607027,0.032883914179511045,40.45904066250542,-79.78278433125764,268.35306013584136,0,LSS
1970-01-01 00:02:54.900000000,44.61221522089248,174.43308087530318,268.3879235220837,-0.019543719837794467,0.003331396437660209,0.03561702420254788,40.4590406940073,-79.78278457326749,268.3904703950882,0,LSS
1970-01-01 00:02:55.900000000,44.59339928722855,174.43065682073703,268.4373282229358,-0.017913982556207696,-0.002307856308853981,0.04703646202552777,40.459040672167255,-79.78278479509794,268.4398748970032,0,LSS
1970-01-01 00:02:57.000000000,44.575726668629486,174.43305411968822,268.48093158137124,-0.01682547286574705,0.002282383237566438,0.04151320983355229,40.45904069374536,-79.78278500344871,268.48347819805144,0,LSS
1970-01-01 00:02:58.100000000,44.556612806450595,174.4421492414317,268.538081589715,-0.018197629720112917,0.008659142574025324,0.05441049436305453,40.459040775634776,-79.78278522879134,268.540628323555,0,LSS
1970-01-01 00:02:59.110000000,44.5462502485238,174.44885591005948,268.5805130714477,-0.009865823575589606,0.0063851811424309925,0.040397507621472324,40.45904083601909,-79.78278535096139,268.58305991649627,0,LSS
1970-01-01 00:03:00.200000000,44.53436603278864,174.45815955818816,268.6237861087962,-0.01131453996258193,0.00885767314357303,0.04119872285165487,40.45904091978935,-79.78278549107057,268.62633312702184,0,LSS
