time,field.header.seq,field.header.stamp,field.header.frame_id,field.status.status,field.status.service,lat,lon,alt,field.position_covariance0,field.position_covariance1,field.position_covariance2,field.position_covariance3,field.position_covariance4,field.position_covariance5,field.position_covariance6,field.position_covariance7,field.position_covariance8,field.position_covariance_type,x,y,z,vel_x,vel_y,vel_z,track_id,uav_category
1970-01-01 00:00:00.000000000,1988,1538769412814118944,base_link,0,1,40.5915333,-79.8973548,368.264377312,0.396899993992,0.0,0.0,0.0,0.396899993992,0.0,0.0,0.0,1.58759997597,1,335.71708324136733,130.48306762680312,368.2542171005973,-17.91030561570871,-16.080976484692183,-1.5494146087325322,0,Fixed-Wing
1970-01-01 00:00:00.395414176,1990,1538769413209401120,base_link,0,1,40.5914754,-79.8974394,367.644314983,0.396899993992,0.0,0.0,0.0,0.396899993992,0.0,0.0,0.0,1.58759997597,1,328.5553251554251,124.05279972182223,367.63465577983266,-17.91030561570871,-16.080976484692183,-1.5494146087325322,0,Fixed-Wing
1970-01-01 00:00:00.803092256,1992,1538769413617195744,base_link,0,1,40.5914116,-79.8975114,367.654268042,0.396899993992,0.0,0.0,0.0,0.396899993992,0.0,0.0,0.0,1.58759997597,1,322.4603001598846,116.96738835409545,367.6450536353303,-15.242592544391002,-17.719375813335343,0.02600321980671628,0,Fixed-Wing
1970-01-01 00:00:01.187707648,1994,1538769414001879744,base_link,0,1,40.5913444,-79.8975711,368.064235137,0.396899993992,0.0,0.0,0.0,0.396899993992,0.0,0.0,0.0,1.58759997597,1,317.4065873742081,109.50445489479398,368.0554066697698,-12.63845265356695,-18.663492600811935,1.0262212391076087,0,Fixed-Wing
1970-01-01 00:00:01.588982080,1996,1538769414403165824,base_link,0,1,40.5912754,-79.8976203,368.194213753,0.396899993992,0.0,0.0,0.0,0.396899993992,0.0,0.0,0.0,1.58759997597,1,313.24176380615353,101.84166239875239,368.18571814584675,-10.415496033827523,-19.163305130797138,0.32588623264912514,0,Fixed-Wing
1970-01-01 00:00:01.993365376,1998,1538769414807399936,base_link,0,1,40.591207,-79.8976648,368.004196948,0.396899993992,0.0,0.0,0.0,0.396899993992,0.0,0.0,0.0,1.58759997597,1,309.4748045997001,94.24551524024537,367.9960020079373,-9.42050678337203,-18.99663678640707,-0.4744469122546509,0,Fixed-Wing
1970-01-01 00:00:02.382879776,2000,1538769415197096512,base_link,0,1,40.5911411,-79.8977101,367.324178293,0.396899993992,0.0,0.0,0.0,0.396899993992,0.0,0.0,0.0,1.58759997597,1,305.64007685853994,86.92699214172507,367.3162721833603,-9.589984047636168,-18.30234752098268,-1.699885523665333,0,Fixed-Wing
1970-01-01 00:00:02.800364544,2002,1538769415614647104,base_link,0,1,40.5910786,-79.89776,366.324153516,0.396899993992,0.0,0.0,0.0,0.396899993992,0.0,0.0,0.0,1.58759997597,1,301.41588578801833,79.9860310837669,366.3165391725534,-10.563963784352868,-17.358130828068667,-2.500157579018307,0,Fixed-Wing
1970-01-01 00:00:03.193658304,2004,1538769416007934496,base_link,0,1,40.5910206,-79.8978183,365.074118264,0.409599981689,0.0,0.0,0.0,0.409599981689,0.0,0.0,0.0,1.63839992676,1,296.4805300247878,73.54477921171153,365.0668126127107,-12.342462420675119,-16.108445467142595,-3.1253477643690255,0,Fixed-Wing
1970-01-01 00:00:03.594288128,2006,1538769416408465344,base_link,0,1,40.5909684,-79.8978869,363.684070041,0.409599981689,0.0,0.0,0.0,0.409599981689,0.0,0.0,0.0,1.63839992676,1,290.67315893540314,67.7476013521505,363.6770956639841,-14.523220386189127,-14.497728899439394,-3.4754392667744676,0,Fixed-Wing
1970-01-01 00:00:03.966985024,2008,1538769416781063296,base_link,0,1,40.590924,-79.8979668,362.324006981,0.409599981689,0.0,0.0,0.0,0.409599981689,0.0,0.0,0.0,1.63839992676,1,283.90911402866743,62.816602596478845,362.31738741872135,-16.915694446006444,-12.33156630606013,-3.4003927427620266,0,Fixed-Wing
1970-01-01 00:00:04.356410560,2010,1538769417170493248,base_link,0,1,40.5908891,-79.898057,361.09392939,0.396899993992,0.0,0.0,0.0,0.396899993992,0.0,0.0,0.0,1.58759997597,1,276.2730516507513,58.94057789214824,361.0876817494197,-19.09645777585633,-9.693260536803654,-3.075279015329223,0,Fixed-Wing
1970-01-01 00:00:04.791046880,2012,1538769417605041056,base_link,0,1,40.590867,-79.898157,360.26383639,0.409599981689,0.0,0.0,0.0,0.409599981689,0.0,0.0,0.0,1.63839992676,1,267.8073009024345,56.486005531727784,360.2579715630828,-21.17136342072082,-6.138456591726412,-2.0749602027091707,0,Fixed-Wing
1970-01-01 00:00:05.204847840,2014,1538769418018786880,base_link,0,1,40.5908584,-79.8982628,359.933731781,0.396899993992,0.0,0.0,0.0,0.396899993992,0.0,0.0,0.0,1.58759997597,1,258.85049815123546,55.53063652794694,359.92824461023895,-22.399398679561916,-2.3892109490653044,-0.8245894966434618,0,Fixed-Wing
1970-01-01 00:00:05.578404448,2016,1538769418392311456,base_link,0,1,40.5908643,-79.8983695,360.043620161,0.396899993992,0.0,0.0,0.0,0.396899993992,0.0,0.0,0.0,1.58759997597,1,249.81746501312972,56.18553783978271,360.0384869072599,-22.590037557658366,1.6377937515274341,0.27569672247074484,0,Fixed-Wing
1970-01-01 00:00:05.994481728,2018,1538769418808384064,base_link,0,1,40.5908851,-79.8984731,360.563505458,0.396899993992,0.0,0.0,0.0,0.396899993992,0.0,0.0,0.0,1.58759997597,1,241.04683508394376,58.49514155290137,360.5586883904482,-21.933812981248707,5.7759153348571575,1.3009330158660262,0,Fixed-Wing
1970-01-01 00:00:06.406900000,2020,1538769419221157664,base_link,0,1,40.590919,-79.8985717,361.403390379,0.372100017452,0.0,0.0,0.0,0.372100017452,0.0,0.0,0.0,1.48840006981,1,232.6994655086978,62.25955757985329,361.3988471421847,-20.875312791336015,9.414146735802616,2.101090239120185,0,Fixed-Wing
1970-01-01 00:00:06.804835456,2022,1538769419619003840,base_link,0,1,40.590965,-79.8986613,362.363279443,0.372100017452,0.0,0.0,0.0,0.372100017452,0.0,0.0,0.0,1.48840006981,1,225.113987604057,67.36774142809537,362.35895601035463,-18.96995484670144,12.77467526344213,2.4010645217169797,0,Fixed-Wing
1970-01-01 00:00:07.207691616,2024,1538769420021877472,base_link,0,1,40.5910214,-79.8987395,363.053175822,0.372100017452,0.0,0.0,0.0,0.372100017452,0.0,0.0,0.0,1.48840006981,1,218.49357498128023,73.63090414014547,363.04901288260874,-16.55649520035804,15.663075595071632,1.7257116654848697,0,Fixed-Wing
1970-01-01 00:00:07.593335968,2026,1538769420407003360,base_link,0,1,40.5910867,-79.8988044,363.623082091,0.372100017452,0.0,0.0,0.0,0.372100017452,0.0,0.0,0.0,1.48840006981,1,212.99908906208253,80.88247072142732,363.61901668632936,-13.740749245245182,18.134900970524896,1.4254799176743929,0,Fixed-Wing
1970-01-01 00:00:07.993738880,2028,1538769420806491712,base_link,0,1,40.591159,-79.8988551,363.772999971,0.372100017452,0.0,0.0,0.0,0.372100017452,0.0,0.0,0.0,1.48840006981,1,208.70671742416903,88.91143701341412,363.76896912936206,-10.734471470368982,20.07904181376552,0.3750048591852882,0,Fixed-Wing
1970-01-01 00:00:08.403673568,2030,1538769421217935584,base_link,0,1,40.5912362,-79.8988916,363.902930341,0.372100017452,0.0,0.0,0.0,0.372100017452,0.0,0.0,0.0,1.48840006981,1,205.61647776748435,97.48459560823656,363.89887414869867,-7.728149431023921,21.439971677709757,0.32486975536077967,0,Fixed-Wing
1970-01-01 00:00:08.798128640,2032,1538769421612418816,base_link,0,1,40.5913162,-79.8989159,364.102872038,0.372100017452,0.0,0.0,0.0,0.372100017452,0.0,0.0,0.0,1.48840006981,1,203.55906087981128,106.36873188485808,364.0987394285136,-5.14524014843166,22.217672523486545,0.49982814282452664,0,Fixed-Wing
1970-01-01 00:00:09.172503616,2034,1538769421986461472,base_link,0,1,40.5913963,-79.8989319,364.312822206,0.372100017452,0.0,0.0,0.0,0.372100017452,0.0,0.0,0.0,1.48840006981,1,202.2043055708535,115.26399385656475,364.3085777041367,-3.3880063144782215,22.24549594292785,0.5247688627824657,0,Fixed-Wing
1970-01-01 00:00:09.592142560,2036,1538769422406403968,base_link,0,1,40.5914758,-79.8989433,364.512777358,0.372100017452,0.0,0.0,0.0,0.372100017452,0.0,0.0,0.0,1.48840006981,1,201.2389786780588,124.09263566217663,364.5083972850849,-2.414113889570325,22.07889054791051,0.4997138579436246,0,Fixed-Wing
1970-01-01 00:00:10.027679744,2038,1538769422841825440,base_link,0,1,40.5915541,-79.8989531,364.742734677,0.372100017452,0.0,0.0,0.0,0.372100017452,0.0,0.0,0.0,1.48840006981,1,200.40911013410675,132.78801967193218,364.7382051696204,-2.0753562274351673,21.745636084296674,0.5747093654293152,0,Fixed-Wing
1970-01-01 00:00:10.384770720,2040,1538769423198869888,base_link,0,1,40.5916307,-79.8989643,364.822691308,0.372100017452,0.0,0.0,0.0,0.372100017452,0.0,0.0,0.0,1.48840006981,1,199.46072381502418,141.29460894999414,364.8180082721348,-2.3717484747030846,21.273493447992752,0.1995736155791515,0,Fixed-Wing
1970-01-01 00:00:10.765211744,2042,1538769423579331616,base_link,0,1,40.5917058,-79.8989797,364.692644308,0.372100017452,0.0,0.0,0.0,0.372100017452,0.0,0.0,0.0,1.48840006981,1,198.15677789750617,149.63460568564074,364.68781119063,-3.2609409042934345,20.856874607737037,-0.3256001518121783,0,Fixed-Wing
1970-01-01 00:00:11.216710176,2044,1538769424030782240,base_link,0,1,40.591779,-79.899002,364.152591088,0.372100017452,0.0,0.0,0.0,0.372100017452,0.0,0.0,0.0,1.48840006981,1,196.26869486579298,157.76357731246486,364.14761990122486,-4.7217657619844395,20.329137682495535,-1.350924028442209,0,Fixed-Wing
1970-01-01 00:00:11.605923648,2046,1538769424420079808,base_link,0,1,40.5918497,-79.8990345,363.362528529,0.372100017452,0.0,0.0,0.0,0.372100017452,0.0,0.0,0.0,1.48840006981,1,193.5171159313571,165.61488823300397,363.35744178367264,-6.8812181380752735,19.634756771082223,-1.9760974060245282,0,Fixed-Wing
1970-01-01 00:00:11.978663392,2048,1538769424792739872,base_link,0,1,40.5919158,-79.89908,362.362454649,0.372100017452,0.0,0.0,0.0,0.372100017452,0.0,0.0,0.0,1.48840006981,1,189.6650123519998,172.95532368898,362.3572881494778,-9.633437982927628,18.35714649828452,-2.5012094846169655,0,Fixed-Wing
1970-01-01 00:00:12.442840608,2050,1538769425257059392,base_link,0,1,40.5919747,-79.89914,361.402368994,0.372100017452,0.0,0.0,0.0,0.372100017452,0.0,0.0,0.0,1.48840006981,1,184.58541685351398,179.4961527202542,361.39717014699835,-12.703180795877179,16.357470543464842,-2.401087365029149,0,Fixed-Wing
1970-01-01 00:00:12.758977280,2052,1538769425573015104,base_link,0,1,40.592023,-79.899214,360.592273486,0.372100017452,0.0,0.0,0.0,0.372100017452,0.0,0.0,0.0,1.48840006981,1,178.32067189237623,184.8598046098083,360.5870990326244,-15.667032523577157,13.413556197430381,-2.0258463152189083,0,Fixed-Wing
1970-01-01 00:00:13.190259712,2054,1538769426004456032,base_link,0,1,40.592057,-79.8992996,359.982172099,0.372100017452,0.0,0.0,0.0,0.372100017452,0.0,0.0,0.0,1.48840006981,1,171.0739635532119,188.6353957312712,359.9770850274043,-18.12275135585822,9.442093694576448,-1.5255384407356427,0,Fixed-Wing
1970-01-01 00:00:13.555717504,2056,1538769426369470464,base_link,0,1,40.5920748,-79.8993925,359.63207,0.372100017452,0.0,0.0,0.0,0.372100017452,0.0,0.0,0.0,1.48840006981,1,163.20931750112425,190.6119401076827,359.6271298162438,-19.668105605068835,4.942992128431158,-0.8751768362572998,0,Fixed-Wing
1970-01-01 00:00:13.979621888,2058,1538769426793800864,base_link,0,1,40.5920781,-79.8994873,359.611971985,0.372100017452,0.0,0.0,0.0,0.372100017452,0.0,0.0,0.0,1.48840006981,1,155.18387067155203,190.97824073975437,359.607220833131,-20.070240253214106,0.9160538779589025,-0.04978888811500491,0,Fixed-Wing
1970-01-01 00:00:14.416850720,2060,1538769427231103520,base_link,0,1,40.5920709,-79.8995791,359.941881388,0.435600034618,0.0,0.0,0.0,0.435600034618,0.0,0.0,0.0,1.74240013847,1,147.41242536969852,190.17851626016966,359.937338268877,-19.43502681348221,-1.9999711894542973,0.8255660261536055,0,Fixed-Wing
1970-01-01 00:00:14.779012832,2062,1538769427593092832,base_link,0,1,40.5920591,-79.8996669,360.851796784,0.435600034618,0.0,0.0,0.0,0.435600034618,0.0,0.0,0.0,1.74240013847,1,139.97962609688543,188.8679826984603,360.847459912042,-18.58813226568042,-3.277415451372325,2.2760552061304846,0,Fixed-Wing
1970-01-01 00:00:15.182820096,2064,1538769427995410912,base_link,0,1,40.5920476,-79.899752,361.661714818,0.435600034618,0.0,0.0,0.0,0.435600034618,0.0,0.0,0.0,1.74240013847,1,132.77539221180925,187.59077299825083,361.6575695428468,-18.01653016764577,-3.1940782963615053,2.025942638082539,0,Fixed-Wing
1970-01-01 00:00:15.574344416,2066,1538769428388494240,base_link,0,1,40.5920385,-79.8998354,362.421633602,0.372100017452,0.0,0.0,0.0,0.372100017452,0.0,0.0,0.0,1.48840006981,1,125.71506479444344,186.58009655365498,362.4176609015383,-17.656645236342523,-2.5275251948038973,1.9008556791028821,0,Fixed-Wing
1970-01-01 00:00:15.982452960,2068,1538769428796669408,base_link,0,1,40.5920314,-79.8999176,362.871552792,0.372100017452,0.0,0.0,0.0,0.372100017452,0.0,0.0,0.0,1.48840006981,1,118.75631243893977,185.79152386037873,362.8677363334115,-17.402623754598174,-1.9720825204223666,1.1255600144877507,0,Fixed-Wing
1970-01-01 00:00:16.379423744,2070,1538769429193511904,base_link,0,1,40.5920259,-79.8999994,362.961471738,0.372100017452,0.0,0.0,0.0,0.372100017452,0.0,0.0,0.0,1.48840006981,1,111.83141131622023,185.18063137793143,362.95779808043534,-17.317967736151797,-1.5277353587866442,0.22522869302836726,0,Fixed-Wing
1970-01-01 00:00:16.780809440,2072,1538769429594885280,base_link,0,1,40.5920233,-79.9000815,362.76138919,0.372100017452,0.0,0.0,0.0,0.372100017452,0.0,0.0,0.0,1.48840006981,1,104.88110258026968,184.89178839155778,362.7578418356846,-17.381507737429708,-0.72234584006135,-0.5000556302348562,0,Fixed-Wing
1970-01-01 00:00:17.193712384,2074,1538769430002639232,base_link,0,1,40.5920259,-79.9001648,362.351303281,0.372100017452,0.0,0.0,0.0,0.372100017452,0.0,0.0,0.0,1.48840006981,1,97.82919498531363,185.18041672035804,362.34785942817643,-17.635588731671575,0.7218090189769057,-1.0252943659111329,0,Fixed-Wing
1970-01-01 00:00:17.610829184,2076,1538769430423893664,base_link,0,1,40.5920357,-79.9002493,361.721213187,0.372100017452,0.0,0.0,0.0,0.372100017452,0.0,0.0,0.0,1.48840006981,1,90.67568805390712,186.26862090946702,361.7178431261365,-17.88967091991985,2.7214085375898507,-1.5755606901276478,0,Fixed-Wing
1970-01-01 00:00:18.015181984,2078,1538769430822167680,base_link,0,1,40.5920551,-79.9003344,361.151118533,0.372100017452,0.0,0.0,0.0,0.372100017452,0.0,0.0,0.0,1.48840006981,1,83.47137951942833,188.4229353562725,361.1477832474637,-18.016716852758407,5.387564013138015,-1.4256201513319238,0,Fixed-Wing
1970-01-01 00:00:18.405245280,2080,1538769431216653600,base_link,0,1,40.5920859,-79.9004178,360.771020921,0.372100017452,0.0,0.0,0.0,0.372100017452,0.0,0.0,0.0,1.48840006981,1,76.41098184923534,191.84326009312747,360.76767179151295,-17.656820926388168,8.553634541536155,-0.9505923353474783,0,Fixed-Wing
1970-01-01 00:00:18.780722560,2082,1538769431593891072,base_link,0,1,40.5921285,-79.9004955,360.560924265,0.372100017452,0.0,0.0,0.0,0.372100017452,0.0,0.0,0.0,1.48840006981,1,69.83312303666229,196.5740182880956,360.557506040827,-16.45007555636624,11.830799651305261,-0.525587820695764,0,Fixed-Wing
1970-01-01 00:00:19.197340672,2084,1538769432011100256,base_link,0,1,40.5921822,-79.9005644,360.660832016,0.372100017452,0.0,0.0,0.0,0.372100017452,0.0,0.0,0.0,1.48840006981,1,64.00024197840642,202.53747901841683,360.6572878670673,-14.587016361038804,14.913573304993724,0.24953691278197546,0,Fixed-Wing
1970-01-01 00:00:19.587459424,2086,1538769432400986912,base_link,0,1,40.5922455,-79.9006219,361.050747443,0.372100017452,0.0,0.0,0.0,0.372100017452,0.0,0.0,0.0,1.48840006981,1,59.132446553312114,209.56706407601018,361.04702256919893,-12.173505819656254,17.579763966092187,0.9746583925986769,0,Fixed-Wing
1970-01-01 00:00:19.998744032,2088,1538769432812895008,base_link,0,1,40.5923164,-79.9006647,361.710674731,0.372100017452,0.0,0.0,0.0,0.372100017452,0.0,0.0,0.0,1.48840006981,1,55.50910273302249,217.4406694607717,361.70671817520594,-9.061349796156799,19.69051133064287,1.6497834435538867,0,Fixed-Wing
1970-01-01 00:00:20.364839584,2090,1538769433178812544,base_link,0,1,40.5923921,-79.9006918,362.510616049,0.50409996953,0.0,0.0,0.0,0.50409996953,0.0,0.0,0.0,2.01639987812,1,53.21486502537823,225.84734401160887,362.50638617956366,-5.737487640031852,21.023624173070065,1.999829954779395,0,Fixed-Wing
1970-01-01 00:00:20.793630496,2092,1538769433607802848,base_link,0,1,40.5924697,-79.9007031,363.350572689,0.372100017452,0.0,0.0,0.0,0.372100017452,0.0,0.0,0.0,1.48840006981,1,52.258196825751504,234.46503174725586,363.3460390001015,-2.392460010870403,21.551331278439374,2.09982499359244,0,Fixed-Wing
1970-01-01 00:00:21.198198304,2094,1538769434011874272,base_link,0,1,40.5925476,-79.9006988,364.2105451,0.372100017452,0.0,0.0,0.0,0.372100017452,0.0,0.0,0.0,1.48840006981,1,52.62216397705159,243.11604768296587,364.2056837603782,0.9102182502728093,21.63467928343855,2.1498213417345085,0,Fixed-Wing
1970-01-01 00:00:21.559516192,2096,1538769434373665120,base_link,0,1,40.5926237,-79.9006803,364.770532717,0.372100017452,0.0,0.0,0.0,0.372100017452,0.0,0.0,0.0,1.48840006981,1,54.1882431268912,251.56716853001834,364.7653297632461,3.9164903164034364,21.13477659390715,1.3995768675360558,0,Fixed-Wing
1970-01-01 00:00:21.996769376,2098,1538769434810653664,base_link,0,1,40.5926965,-79.9006484,365.060535336,0.372100017452,0.0,0.0,0.0,0.372100017452,0.0,0.0,0.0,1.48840006981,1,56.88870729828478,259.6518158712541,365.0549841237106,6.753389046869409,20.21829038891772,0.7243749448930905,0,Fixed-Wing
1970-01-01 00:00:22.406652096,2100,1538769435218552896,base_link,0,1,40.5927643,-79.900603,365.130553748,0.372100017452,0.0,0.0,0.0,0.372100017452,0.0,0.0,0.0,1.48840006981,1,60.73202059551561,267.1812029087946,365.12465543951714,9.61145502323474,18.829681388709563,0.17423578732618003,0,Fixed-Wing
1970-01-01 00:00:22.794733824,2102,1538769435608449664,base_link,0,1,40.5928258,-79.9005459,364.980586652,0.372100017452,0.0,0.0,0.0,0.372100017452,0.0,0.0,0.0,1.48840006981,1,65.56580115965441,274.01096110870685,364.974350102044,12.08844059574361,17.080031910311025,-0.3758873865203718,0,Fixed-Wing
1970-01-01 00:00:23.184071232,2104,1538769435998234528,base_link,0,1,40.5928796,-79.900477,364.620634717,0.372100017452,0.0,0.0,0.0,0.372100017452,0.0,0.0,0.0,1.48840006981,1,71.3985142168484,279.98561886079904,364.6140755354486,14.586596219737475,14.941575100013466,-0.9009837411231248,0,Fixed-Wing
1970-01-01 00:00:23.583150304,2106,1538769436397112288,base_link,0,1,40.5929228,-79.9003976,364.160697804,0.372100017452,0.0,0.0,0.0,0.372100017452,0.0,0.0,0.0,1.48840006981,1,78.12011118168073,284.78312984591963,364.1538470364801,16.80953956013567,11.997736715917743,-1.1509510612714455,0,Fixed-Wing
1970-01-01 00:00:23.973350432,2108,1538769436783075680,base_link,0,1,40.5929538,-79.9003098,363.750774428,0.372100017452,0.0,0.0,0.0,0.372100017452,0.0,0.0,0.0,1.48840006981,1,85.55282058219667,288.2258173920362,363.74367341823654,18.58790751076842,8.609560020098101,-1.0257725505505857,0,Fixed-Wing
1970-01-01 00:00:24.413377792,2110,1538769437219574400,base_link,0,1,40.5929718,-79.9002174,363.400861053,0.372100017452,0.0,0.0,0.0,0.372100017452,0.0,0.0,0.0,1.48840006981,1,93.37495609260168,290.22483845473926,363.3935596180121,19.56179416808798,4.999202393547462,-0.8755734397962548,0,Fixed-Wing
1970-01-01 00:00:24.769376384,2112,1538769437582775264,base_link,0,1,40.5929762,-79.9001239,363.230954367,0.372100017452,0.0,0.0,0.0,0.372100017452,0.0,0.0,0.0,1.48840006981,1,101.29023088701653,290.7135645594907,363.2235100095364,19.79471924338746,1.2222185940146142,-0.42526435842744376,0,Fixed-Wing
1970-01-01 00:00:25.161974528,2114,1538769437976039040,base_link,0,1,40.5929678,-79.9000333,363.301049974,0.372100017452,0.0,0.0,0.0,0.372100017452,0.0,0.0,0.0,1.48840006981,1,108.96002834804253,289.7808358474303,363.29352193588034,19.18082332426199,-2.3325915353576567,0.17508759476604574,0,Fixed-Wing
1970-01-01 00:00:25.591778336,2116,1538769438405552864,base_link,0,1,40.5929487,-79.8999483,363.541144275,0.372100017452,0.0,0.0,0.0,0.372100017452,0.0,0.0,0.0,1.48840006981,1,116.1557789246492,287.65985471424773,363.53358568087134,17.99531489543217,-5.3042032200190254,0.6003574804460597,0,Fixed-Wing
1970-01-01 00:00:26.003567584,2118,1538769438817535744,base_link,0,1,40.5929202,-79.8998716,363.741233992,0.372100017452,0.0,0.0,0.0,0.372100017452,0.0,0.0,0.0,1.48840006981,1,122.64890986665381,284.49497446113594,363.7336963172637,16.238185956377134,-7.914812520911374,0.5004417367540459,0,Fixed-Wing
1970-01-01 00:00:26.390207328,2120,1538769439204457216,base_link,0,1,40.5928826,-79.8998046,363.87131758,0.372100017452,0.0,0.0,0.0,0.372100017452,0.0,0.0,0.0,1.48840006981,1,128.32090385144306,280.3195055828818,363.8638538016054,14.1846659017207,-10.442118094606597,0.325501126225855,0,Fixed-Wing
1970-01-01 00:00:26.808894528,2122,1538769439622827232,base_link,0,1,40.5928382,-79.8997479,364.001393488,0.372100017452,0.0,0.0,0.0,0.372100017452,0.0,0.0,0.0,1.48840006981,1,133.12096509128455,275.3888689398093,363.9940467891348,12.00411445737464,-12.33066072572071,0.32558991349501915,0,Fixed-Wing
1970-01-01 00:00:27.192219584,2124,1538769440005200256,base_link,0,1,40.592791,-79.8996975,364.251464151,0.372100017452,0.0,0.0,0.0,0.372100017452,0.0,0.0,0.0,1.48840006981,1,137.38771040663468,270.14728374871765,364.24425180666594,10.670384515265377,-13.108288713004402,0.6257190311080898,0,Fixed-Wing
1970-01-01 00:00:27.630058912,2126,1538769440443830240,base_link,0,1,40.5927446,-79.8996486,364.631532978,0.372100017452,0.0,0.0,0.0,0.372100017452,0.0,0.0,0.0,1.48840006981,1,141.52747962945,264.9945455592845,364.6244469365571,10.352839494071338,-12.886097885885185,0.9508015892523258,0,Fixed-Wing
1970-01-01 00:00:27.985151168,2128,1538769440799264960,base_link,0,1,40.5927004,-79.8995983,364.921602349,0.372100017452,0.0,0.0,0.0,0.372100017452,0.0,0.0,0.0,1.48840006981,1,145.78576637352603,260.0861230421441,364.9146230660229,10.649231106455208,-12.275107078186858,0.7256797979978539,0,Fixed-Wing
1970-01-01 00:00:28.357412384,2130,1538769441171546496,base_link,0,1,40.5926591,-79.8995448,365.111673806,0.372100017452,0.0,0.0,0.0,0.372100017452,0.0,0.0,0.0,1.48840006981,1,150.3149490384094,255.49975599858556,365.1047753651663,11.326694471383968,-11.469702610757897,0.4755376752913265,0,Fixed-Wing
1970-01-01 00:00:28.783098240,2132,1538769441597160224,base_link,0,1,40.5926205,-79.899488,365.111747534,0.372100017452,0.0,0.0,0.0,0.372100017452,0.0,0.0,0.0,1.48840006981,1,155.1234912179246,251.21323129971688,365.104904808584,12.025323805643863,-10.719849297439842,0.000323715370407009,0,Fixed-Wing
1970-01-01 00:00:29.210127040,2134,1538769442024145024,base_link,0,1,40.5925844,-79.8994288,364.991822697,0.396899993992,0.0,0.0,0.0,0.396899993992,0.0,0.0,0.0,1.58759997597,1,160.13520425829105,247.204340463522,364.98501330893237,12.533418629063739,-10.025535517207913,-0.2998276922675928,0,Fixed-Wing
1970-01-01 00:00:29.600211360,2136,1538769442414255232,base_link,0,1,40.5925501,-79.8993677,364.791899073,0.396899993992,0.0,0.0,0.0,0.396899993992,0.0,0.0,0.0,1.58759997597,1,165.30776239481526,243.39534801470592,364.7851047590247,12.93566411046696,-9.525624578150966,-0.4999363537658962,0,Fixed-Wing
1970-01-01 00:00:30.004363200,2138,1538769442818453568,base_link,0,1,40.5925168,-79.8993055,364.491976176,0.396899993992,0.0,0.0,0.0,0.396899993992,0.0,0.0,0.0,1.58759997597,1,170.57344192298925,239.69741018324822,364.4851837991358,13.16854444010021,-9.247896384451103,-0.7500499161945434,0,Fixed-Wing
1970-01-01 00:00:30.388975648,2140,1538769443203113504,base_link,0,1,40.592484,-79.8992424,364.112054006,0.396899993992,0.0,0.0,0.0,0.396899993992,0.0,0.0,0.0,1.58759997597,1,175.9153131300805,236.05500146859453,364.10525291701845,13.35908651627852,-9.109027765796958,-0.95014075174152,0,Fixed-Wing
1970-01-01 00:00:30.790183904,2142,1538769443603437184,base_link,0,1,40.592451,-79.8991791,363.73213214,0.396899993992,0.0,0.0,0.0,0.396899993992,0.0,0.0,0.0,1.58759997597,1,181.27412068369387,232.390386970639,363.72531611814594,13.401441359682096,-9.164560549870236,-0.9501555485122757,0,Fixed-Wing
1970-01-01 00:00:31.200528064,2144,1538769444014210080,base_link,0,1,40.5924176,-79.8991161,363.48221015,0.396899993992,0.0,0.0,0.0,0.396899993992,0.0,0.0,0.0,1.58759997597,1,186.60754093478374,228.68135986825695,363.47537492662786,13.337952151934829,-9.275628713430597,-0.6250592483471441,0,Fixed-Wing
1970-01-01 00:00:31.585932832,2146,1538769444397342528,base_link,0,1,40.592384,-79.8990531,363.31228826,0.396899993992,0.0,0.0,0.0,0.396899993992,0.0,0.0,0.0,1.58759997597,1,191.94096905172827,224.95012924864244,363.3054280054415,13.33797182306294,-9.33115583046032,-0.42500755545918045,0,Fixed-Wing
1970-01-01 00:00:31.985332768,2148,1538769444796516832,base_link,0,1,40.59235,-79.8989906,363.212366042,0.396899993992,0.0,0.0,0.0,0.396899993992,0.0,0.0,0.0,1.58759997597,1,197.2320774485374,221.17448302809612,363.205476965691,13.232137597429992,-9.442231487756763,-0.2499600862047523,0,Fixed-Wing
1970-01-01 00:00:32.376713280,2150,1538769445190523168,base_link,0,1,40.5923158,-79.8989286,363.192443415,0.396899993992,0.0,0.0,0.0,0.396899993992,0.0,0.0,0.0,1.58759997597,1,202.4808660441945,217.3766318116696,363.1855209937776,13.126303169188555,-9.497762302626173,-0.04990639889518186,0,Fixed-Wing
1970-01-01 00:00:32.799760096,2152,1538769445613703008,base_link,0,1,40.5922818,-79.8988667,363.16252062,0.372100017452,0.0,0.0,0.0,0.372100017452,0.0,0.0,0.0,1.48840006981,1,207.72119338013454,213.60099424105775,363.1555578021561,13.10514303705232,-9.44220985578203,-0.07493270684687948,0,Fixed-Wing
1970-01-01 00:00:33.194504864,2154,1538769446008419456,base_link,0,1,40.5922479,-79.8988048,363.1325978,0.372100017452,0.0,0.0,0.0,0.372100017452,0.0,0.0,0.0,1.48840006981,1,212.96152565783927,209.8364656482323,363.12558768128457,13.105155395542374,-9.414428243383957,-0.07495003569066108,0,Fixed-Wing
1970-01-01 00:00:33.604557696,2156,1538769446414407904,base_link,0,1,40.5922142,-79.8987426,363.012675221,0.372100017452,0.0,0.0,0.0,0.372100017452,0.0,0.0,0.0,1.48840006981,1,218.2272563711142,206.09414910050225,363.00560968768605,13.168672445094215,-9.358879799658991,-0.3000439985158222,0,Fixed-Wing
1970-01-01 00:00:34.006980896,2158,1538769446821148320,base_link,0,1,40.5921808,-79.8986803,362.842752638,0.372100017452,0.0,0.0,0.0,0.372100017452,0.0,0.0,0.0,1.48840006981,1,223.5014550708766,202.38515080769392,362.83562379299724,13.189849399707889,-9.275556665720517,-0.4251050213790728,0,Fixed-Wing
1970-01-01 00:00:34.400512320,2160,1538769447214328224,base_link,0,1,40.5921474,-79.8986178,362.622830275,0.372100017452,0.0,0.0,0.0,0.372100017452,0.0,0.0,0.0,1.48840006981,1,228.79258824091596,198.67615542470332,362.61563099209866,13.232199550950211,-9.27554938877478,-0.5501635562200045,0,Fixed-Wing
1970-01-01 00:00:34.806083296,2162,1538769447619135136,base_link,0,1,40.5921142,-79.8985549,362.492908254,0.372100017452,0.0,0.0,0.0,0.372100017452,0.0,0.0,0.0,1.48840006981,1,234.117591519322,194.98937836741732,362.48563006918926,13.31690277393047,-9.219985238343673,-0.32510959343934254,0,Fixed-Wing
1970-01-01 00:00:35.198717760,2164,1538769448005253696,base_link,0,1,40.5920814,-79.8984916,362.442986494,0.372100017452,0.0,0.0,0.0,0.372100017452,0.0,0.0,0.0,1.48840006981,1,239.4764640407017,191.34702972258123,362.43562022285687,13.401603832714068,-9.10887754167898,-0.12506588757386583,0,Fixed-Wing
1970-01-01 00:00:35.621888544,2166,1538769448435883904,base_link,0,1,40.5920485,-79.8984284,362.413064689,0.372100017452,0.0,0.0,0.0,0.372100017452,0.0,0.0,0.0,1.48840006981,1,244.82687718764035,187.69358008301532,362.405604403864,13.38044841532368,-9.136639189847415,-0.07506431870733643,0,Fixed-Wing
1970-01-01 00:00:36.002870208,2168,1538769448816704768,base_link,0,1,40.5920158,-79.8983657,362.503142308,0.372100017452,0.0,0.0,0.0,0.372100017452,0.0,0.0,0.0,1.48840006981,1,250.1349711637066,184.06234686097486,362.49558244538304,13.27461556330154,-9.081079811438935,0.22501936018644178,0,Fixed-Wing
1970-01-01 00:00:36.394693888,2170,1538769449208602496,base_link,0,1,40.5919829,-79.8983033,362.58321972,0.372100017452,0.0,0.0,0.0,0.372100017452,0.0,0.0,0.0,1.48840006981,1,255.41767381766905,180.4089057116435,362.5755554405872,13.211116303286198,-9.13661795725425,0.19999848751131125,0,Fixed-Wing
1970-01-01 00:00:36.795654624,2172,1538769449609660608,base_link,0,1,40.5919499,-79.898241,362.543297089,0.372100017452,0.0,0.0,0.0,0.372100017452,0.0,0.0,0.0,1.48840006981,1,260.69191159938373,176.74435936862733,362.53552257839124,13.189947136841845,-9.164390106275532,-0.10011519350378519,0,Fixed-Wing
1970-01-01 00:00:37.175886336,2174,1538769449989913760,base_link,0,1,40.5919163,-79.8981791,362.443374315,0.372100017452,0.0,0.0,0.0,0.372100017452,0.0,0.0,0.0,1.48840006981,1,265.9322916746704,173.01318257076122,362.4354863329661,13.10527492894325,-9.331021231671732,-0.25017317070919515,0,Fixed-Wing
1970-01-01 00:00:37.626695008,2176,1538769450440634528,base_link,0,1,40.5918826,-79.898117,362.333451804,0.372100017452,0.0,0.0,0.0,0.372100017452,0.0,0.0,0.0,1.48840006981,1,271.1896081705475,169.2709047106456,362.32544343554855,13.14762995757873,-9.358783048695122,-0.2751980589032954,0,Fixed-Wing
1970-01-01 00:00:37.997424000,2178,1538769450811085920,base_link,0,1,40.5918497,-79.8980541,362.223529795,0.372100017452,0.0,0.0,0.0,0.372100017452,0.0,0.0,0.0,1.48840006981,1,276.51465194647966,165.61747510031788,362.2153892722678,13.317004051167281,-9.136589100222373,-0.2752262328586487,0,Fixed-Wing
1970-01-01 00:00:38.384030624,2180,1538769451197061280,base_link,0,1,40.5918192,-79.8979884,362.213609664,0.372100017452,0.0,0.0,0.0,0.372100017452,0.0,0.0,0.0,1.48840006981,1,282.0767343643901,162.23058658870082,362.2053131949708,13.909796277547741,-8.470016384449515,-0.025198508750424547,0,Fixed-Wing
1970-01-01 00:00:38.784593792,2182,1538769451598690624,base_link,0,1,40.5917919,-79.8979194,362.333691589,0.372100017452,0.0,0.0,0.0,0.372100017452,0.0,0.0,0.0,1.48840006981,1,287.9181817944652,159.19908380244306,362.3252110594627,14.608439360176625,-7.581258781042146,0.2998436096208277,0,Fixed-Wing
1970-01-01 00:00:39.208671360,2184,1538769452022299968,base_link,0,1,40.5917674,-79.8978477,362.563775123,0.372100017452,0.0,0.0,0.0,0.372100017452,0.0,0.0,0.0,1.48840006981,1,293.98820077485294,156.47854379493808,362.55508559210955,15.180056869736301,-6.803595205180158,0.5748760407106214,0,Fixed-Wing
1970-01-01 00:00:39.619017504,2186,1538769452432153920,base_link,0,1,40.5917459,-79.8977742,362.883859261,0.372100017452,0.0,0.0,0.0,0.372100017452,0.0,0.0,0.0,1.48840006981,1,300.2105980113609,154.09117392986366,362.8749385762586,15.561128263596885,-5.970394893000737,0.7998964261933073,0,Fixed-Wing
1970-01-01 00:00:39.989942080,2188,1538769452802111136,base_link,0,1,40.5917257,-79.8976998,363.153943791,0.372100017452,0.0,0.0,0.0,0.372100017452,0.0,0.0,0.0,1.48840006981,1,306.5091828362003,151.84817903870925,363.1447778957767,15.751660109934766,-5.6093383095281695,0.6748209897218541,0,Fixed-Wing
1970-01-01 00:00:40.399828352,2190,1538769453213974048,base_link,0,1,40.5917061,-79.8976255,363.364027983,0.372100017452,0.0,0.0,0.0,0.372100017452,0.0,0.0,0.0,1.48840006981,1,312.7993005445388,149.67181894029926,363.3546087243057,15.730485331005552,-5.442696335815786,0.5247502389013203,0,Fixed-Wing
1970-01-01 00:00:40.775642720,2192,1538769453589576384,base_link,0,1,40.5916871,-79.8975515,363.524111633,0.372100017452,0.0,0.0,0.0,0.372100017452,0.0,0.0,0.0,1.48840006981,1,319.06401986977795,147.56209318893536,363.5144317953767,15.666968412674,-5.276055476717058,0.39968957523733506,0,Fixed-Wing
1970-01-01 00:00:41.203824864,2194,1538769454017931072,base_link,0,1,40.5916686,-79.8974777,363.544194882,0.372100017452,0.0,0.0,0.0,0.372100017452,0.0,0.0,0.0,1.48840006981,1,325.3118020834428,145.50789484559706,363.534247215813,15.624611656008568,-5.137191131419117,0.04955490420917989,0,Fixed-Wing
1970-01-01 00:00:41.573467776,2196,1538769454387211264,base_link,0,1,40.5916492,-79.8974042,363.454278216,0.372100017452,0.0,0.0,0.0,0.372100017452,0.0,0.0,0.0,1.48840006981,1,331.5341893802606,143.35375099502704,363.4440595144114,15.561103406168607,-5.387137381761038,-0.22554368291947927,0,Fixed-Wing
1970-01-01 00:00:41.995700320,2198,1538769454809928224,base_link,0,1,40.5916294,-79.897331,363.354361424,0.372100017452,0.0,0.0,0.0,0.372100017452,0.0,0.0,0.0,1.48840006981,1,337.73118444116733,141.15519008642366,363.34386722807454,15.497601860880879,-5.498216683013853,-0.25056340176466974,0,Fixed-Wing
1970-01-01 00:00:42.373539584,2200,1538769455187419264,base_link,0,1,40.5916087,-79.8972581,363.294444716,0.372100017452,0.0,0.0,0.0,0.372100017452,0.0,0.0,0.0,1.48840006981,1,343.90279257862454,138.85668698114335,363.2836717997317,15.434113601131406,-5.748154654236657,-0.1505382484791616,0,Fixed-Wing
1970-01-01 00:00:42.813973376,2202,1538769455628028064,base_link,0,1,40.5915873,-79.8971854,363.234528111,0.372100017452,0.0,0.0,0.0,0.372100017452,0.0,0.0,0.0,1.48840006981,1,350.057476619143,136.4804515888116,363.2234722780571,15.39178939179548,-5.942549522171693,-0.15054848518655237,0,Fixed-Wing
1970-01-01 00:00:43.189095232,2204,1538769456003184992,base_link,0,1,40.5915657,-79.8971127,363.134611605,0.372100017452,0.0,0.0,0.0,0.372100017452,0.0,0.0,0.0,1.48840006981,1,356.2121632982166,134.0820100158591,363.1232665043425,15.391795990360727,-5.9980832998701885,-0.2505971313398572,0,Fixed-Wing
1970-01-01 00:00:43.579434080,2206,1538769456393530496,base_link,0,1,40.5915439,-79.89704,363.054695198,0.372100017452,0.0,0.0,0.0,0.372100017452,0.0,0.0,0.0,1.48840006981,1,362.3668559581423,131.66136355125792,363.04305445612374,15.391810947426974,-6.053613854074822,-0.2005963173316062,0,Fixed-Wing
1970-01-01 00:00:43.979624832,2208,1538769456793268128,base_link,0,1,40.5915223,-79.8969671,362.934778927,0.372100017452,0.0,0.0,0.0,0.372100017452,0.0,0.0,0.0,1.48840006981,1,368.5384805103793,129.26293273379198,362.92283426139534,15.434154651627551,-5.998056402277592,-0.30064970122241297,0,Fixed-Wing
1970-01-01 00:00:44.407934752,2210,1538769457222050400,base_link,0,1,40.5915008,-79.8968939,362.864862936,0.372100017452,0.0,0.0,0.0,0.372100017452,0.0,0.0,0.0,1.48840006981,1,374.73550836283056,126.87561463327613,362.85260577176575,15.49768386680415,-5.970265438884471,-0.17562918170392494,0,Fixed-Wing
1970-01-01 00:00:44.812652992,2212,1538769457625614048,base_link,0,1,40.5914798,-79.8968205,362.814946955,0.372100017452,0.0,0.0,0.0,0.372100017452,0.0,0.0,0.0,1.48840006981,1,380.9494698686846,124.54382917878301,362.80236828509544,15.540031975186958,-5.831387994270897,-0.12563517628395404,0,Fixed-Wing
1970-01-01 00:00:45.190723008,2214,1538769458004884736,base_link,0,1,40.5914597,-79.8967468,362.775030918,0.372100017452,0.0,0.0,0.0,0.372100017452,0.0,0.0,0.0,1.48840006981,1,387.1888277823211,122.31199757554452,362.76212038362456,15.603543953595857,-5.58142087698563,-0.10065296915701537,0,Fixed-Wing
1970-01-01 00:00:45.616550688,2216,1538769458430505984,base_link,0,1,40.5914402,-79.8966733,362.765114439,0.372100017452,0.0,0.0,0.0,0.372100017452,0.0,0.0,0.0,1.48840006981,1,393.4112562116832,120.14680231306284,362.7518649462436,15.561206271474935,-5.41477503196477,-0.025647056981245493,0,Fixed-Wing
1970-01-01 00:00:46.003677824,2218,1538769458817863392,base_link,0,1,40.5914213,-79.8966001,362.855197415,0.372100017452,0.0,0.0,0.0,0.372100017452,0.0,0.0,0.0,1.48840006981,1,399.60829370315747,118.0482441625021,362.8416025191198,15.497707972316483,-5.248127258397107,0.22441799012732025,0,Fixed-Wing
1970-01-01 00:00:46.396886720,2220,1538769459210898528,base_link,0,1,40.5914032,-79.8965275,362.935279452,0.372100017452,0.0,0.0,0.0,0.372100017452,0.0,0.0,0.0,1.48840006981,1,405.75453493624207,116.03853004519627,362.9213340578584,15.370675405595334,-5.025943854736647,0.19939464708003463,0,Fixed-Wing
1970-01-01 00:00:46.794904576,2222,1538769459607634816,base_link,0,1,40.5913862,-79.896455,362.985360938,0.372100017452,0.0,0.0,0.0,0.372100017452,0.0,0.0,0.0,1.48840006981,1,411.89230520840937,114.15097753538248,362.97105685036524,15.349491012452363,-4.720439019410874,0.12434801611238538,0,Fixed-Wing
1970-01-01 00:00:47.161583904,2224,1538769459975418880,base_link,0,1,40.591373,-79.8963806,362.905442786,0.372100017452,0.0,0.0,0.0,0.372100017452,0.0,0.0,0.0,1.48840006981,1,418.19089567798056,112.6854357177591,362.8907555610997,15.751674226422708,-3.6650640151834484,-0.20081949359675894,0,Fixed-Wing
1970-01-01 00:00:47.576493568,2226,1538769460390447232,base_link,0,1,40.5913662,-79.8963034,362.615524823,0.372100017452,0.0,0.0,0.0,0.372100017452,0.0,0.0,0.0,1.48840006981,1,424.72647492643335,111.93064411038142,362.6004196950203,16.34434175391077,-1.8876019270801445,-0.7260792713579837,0,Fixed-Wing
1970-01-01 00:00:47.975132640,2228,1538769460789251968,base_link,0,1,40.5913686,-79.8962224,362.015606894,0.372100017452,0.0,0.0,0.0,0.372100017452,0.0,0.0,0.0,1.48840006981,1,431.5836731725846,112.19755299316074,362.0000374274623,17.14865467141971,0.6674924794665212,-1.5014511477738108,0,Fixed-Wing
1970-01-01 00:00:48.397102304,2230,1538769461211201248,base_link,0,1,40.5913847,-79.8961393,361.335685358,0.372100017452,0.0,0.0,0.0,0.372100017452,0.0,0.0,0.0,1.48840006981,1,438.6185552498231,113.9858940199336,361.31960490999757,17.593010886688802,4.4723284353157915,-1.7016428357976567,0,Fixed-Wing
1970-01-01 00:00:48.789273568,2232,1538769461601951008,base_link,0,1,40.5914166,-79.8960578,360.665755537,0.372100017452,0.0,0.0,0.0,0.372100017452,0.0,0.0,0.0,1.48840006981,1,445.5178764651307,117.52885994491015,360.649133145366,17.253996857231943,8.860338724220384,-1.6767327333808733,0,Fixed-Wing
1970-01-01 00:00:49.180179776,2234,1538769461994176288,base_link,0,1,40.5914638,-79.895983,360.085812409,0.372100017452,0.0,0.0,0.0,0.372100017452,0.0,0.0,0.0,1.48840006981,1,451.849889003104,122.77089909238931,360.06864624728837,15.83525697973656,13.109423978610845,-1.4516963049747713,0,Fixed-Wing
1970-01-01 00:00:49.600882688,2236,1538769462414884000,base_link,0,1,40.5915247,-79.8959198,359.585851625,0.372100017452,0.0,0.0,0.0,0.372100017452,0.0,0.0,0.0,1.48840006981,1,457.19977996891924,129.53430048640587,359.56817067905183,13.379142531573505,16.91408513313532,-1.2516019492345936,0,Fixed-Wing
1970-01-01 00:00:49.991239200,2238,1538769462804981184,base_link,0,1,40.5915976,-79.8958757,359.315866214,0.50409996953,0.0,0.0,0.0,0.50409996953,0.0,0.0,0.0,2.01639987812,1,460.93264329178,137.63023702193837,359.2977470241807,9.335238936000723,20.24652269131939,-0.6762823103402569,0,Fixed-Wing
1970-01-01 00:00:50.378231168,2240,1538769463191685024,base_link,0,1,40.591678,-79.8958571,359.365851509,0.50409996953,0.0,0.0,0.0,0.50409996953,0.0,0.0,0.0,2.01639987812,1,462.5067154605721,146.5589401444218,359.3474191434999,3.9364794602021154,22.32912641792648,0.12422129132416587,0,Fixed-Wing
1970-01-01 00:00:50.800543968,2242,1538769463613853632,base_link,0,1,40.5917598,-79.8958659,359.645808136,0.547600014114,0.0,0.0,0.0,0.547600014114,0.0,0.0,0.0,2.19040005646,1,461.76119120460703,155.64297866810028,359.6272139864591,-1.8644259004597803,22.717593114924142,0.6997180143426756,0,Fixed-Wing
1970-01-01 00:00:51.193092928,2244,1538769464006869600,base_link,0,1,40.5918372,-79.8958966,360.435744177,0.547600014114,0.0,0.0,0.0,0.547600014114,0.0,0.0,0.0,2.19040005646,1,459.16175100583706,164.2382867786274,360.4171213581086,-6.5007457430201185,21.495363746354116,1.9754203178286822,0,Fixed-Wing
1970-01-01 00:00:51.598615008,2246,1538769464412376096,base_link,0,1,40.5919069,-79.8959394,362.105671071,0.547600014114,0.0,0.0,0.0,0.547600014114,0.0,0.0,0.0,2.19040005646,1,455.53808449961844,171.97845620362287,362.08710321398627,-9.062156777283068,19.356811310221016,4.176332829527908,0,Fixed-Wing
1970-01-01 00:00:52.005560512,2248,1538769464819272000,base_link,0,1,40.591972,-79.8959828,364.115599308,0.547600014114,0.0,0.0,0.0,0.547600014114,0.0,0.0,0.0,2.19040005646,1,451.8636846168884,179.2077971021587,364.09709293843105,-9.189032087413919,18.079318421418662,5.0266331000349584,0,Fixed-Wing
1970-01-01 00:00:52.393691552,2250,1538769465207863328,base_link,0,1,40.5920356,-79.8960231,365.785531382,0.547600014114,0.0,0.0,0.0,0.547600014114,0.0,0.0,0.0,2.19040005646,1,448.451711344302,186.270571660053,365.7670626327115,-8.53274898863227,17.662765107221134,4.1763024154982125,0,Fixed-Wing
1970-01-01 00:00:52.790509280,2252,1538769465603332416,base_link,0,1,40.5920983,-79.8960609,366.895466424,0.547600014114,0.0,0.0,0.0,0.547600014114,0.0,0.0,0.0,2.19040005646,1,445.2513511828526,193.2333999938782,366.8770139197199,-8.003541572342362,17.412817064194186,2.7757942296168086,0,Fixed-Wing
1970-01-01 00:00:53.185848736,2254,1538769465999960800,base_link,0,1,40.5921604,-79.8960966,367.495403897,0.547600014114,0.0,0.0,0.0,0.547600014114,0.0,0.0,0.0,2.19040005646,1,442.2287432386932,200.1295952353787,367.4769482042596,-7.559014335129102,17.2461793429344,1.5003308205200205,0,Fixed-Wing
1970-01-01 00:00:53.557179584,2256,1538769466371245184,base_link,0,1,40.592222,-79.8961311,367.505342835,0.547600014114,0.0,0.0,0.0,0.547600014114,0.0,0.0,0.0,2.19040005646,1,439.30769075745815,206.9702536447974,367.4868698710091,-7.305041866903706,17.107291429718543,0.024812354950897984,0,Fixed-Wing
1970-01-01 00:00:53.978249056,2258,1538769466792191072,base_link,0,1,40.5922831,-79.8961661,366.985281494,0.547600014114,0.0,0.0,0.0,0.547600014114,0.0,0.0,0.0,2.19040005646,1,436.3442824876277,213.7553667825552,366.9667873282716,-7.410966293452935,16.968382410590007,-1.3006355665807166,0,Fixed-Wing
1970-01-01 00:00:54.385866560,2260,1538769467199700672,base_link,0,1,40.5923429,-79.8962052,366.23521652,0.547600014114,0.0,0.0,0.0,0.547600014114,0.0,0.0,0.0,2.19040005646,1,433.0337821529321,220.39608376256115,366.216721083789,-8.278982901096443,16.607272850055388,-1.8757846201310984,0,Fixed-Wing
1970-01-01 00:00:54.800952768,2262,1538769467614751424,base_link,0,1,40.5924001,-79.8962519,365.405144866,0.547600014114,0.0,0.0,0.0,0.547600014114,0.0,0.0,0.0,2.19040005646,1,429.0799126906145,226.74802452312548,365.3866930590693,-9.887936674896677,15.885093982425031,-2.0757550609695,0,Fixed-Wing
1970-01-01 00:00:55.192724512,2264,1538769468006819136,base_link,0,1,40.5924527,-79.8963085,364.42506501,0.547600014114,0.0,0.0,0.0,0.547600014114,0.0,0.0,0.0,2.19040005646,1,424.2879746215099,232.58907150889462,364.40672246462617,-11.983799826704356,14.607437918936098,-2.4507352287332385,0,Fixed-Wing
1970-01-01 00:00:55.594279104,2266,1538769468408393024,base_link,0,1,40.5924982,-79.8963771,363.534975838,0.547600014114,0.0,0.0,0.0,0.547600014114,0.0,0.0,0.0,2.19040005646,1,418.4802232846489,237.64159417431785,363.51682972522815,-14.524171318687603,12.635476370760415,-2.2254662523583324,0,Fixed-Wing
1970-01-01 00:00:55.980187232,2268,1538769468794324352,base_link,0,1,40.5925332,-79.8964565,362.664879991,0.547600014114,0.0,0.0,0.0,0.547600014114,0.0,0.0,0.0,2.19040005646,1,411.758262608156,241.52802031243843,362.64702438883296,-16.810449139448334,9.719272705294205,-2.1752311672731715,0,Fixed-Wing
1970-01-01 00:00:56.390433696,2270,1538769469204362080,base_link,0,1,40.5925557,-79.8965443,361.824780752,0.547600014114,0.0,0.0,0.0,0.547600014114,0.0,0.0,0.0,2.19040005646,1,404.32527812737044,244.026259580611,361.80730465148633,-18.58859543845853,6.247659898197827,-2.0999923408390444,0,Fixed-Wing
1970-01-01 00:00:56.801336608,2272,1538769469614903456,base_link,0,1,40.5925634,-79.896637,361.074682655,0.547600014114,0.0,0.0,0.0,0.547600014114,0.0,0.0,0.0,2.19040005646,1,396.47757963244607,244.88091235207025,361.05766564651896,-19.625722725810448,2.1373372499406234,-1.8747161687541334,0,Fixed-Wing
1970-01-01 00:00:57.190448544,2274,1538769470004624128,base_link,0,1,40.5925542,-79.8967296,360.534591684,0.624100033903,0.0,0.0,0.0,0.624100033903,0.0,0.0,0.0,2.49640013561,1,388.63846099445476,243.85879730290316,360.5180956956509,-19.604266002759175,-2.5561311461959906,-1.3493701693259832,0,Fixed-Wing
1970-01-01 00:00:57.599426592,2276,1538769470413322368,base_link,0,1,40.5925285,-79.8968167,360.234513197,0.624100033903,0.0,0.0,0.0,0.624100033903,0.0,0.0,0.0,2.49640013561,1,381.26505723441863,241.00436022714035,360.2185703309104,-18.439594466264182,-7.138448377371541,-0.7490606018499406,0,Fixed-Wing
1970-01-01 00:00:57.989720704,2278,1538769470803913600,base_link,0,1,40.5924906,-79.8968954,360.294448376,0.624100033903,0.0,0.0,0.0,0.624100033903,0.0,0.0,0.0,2.49640013561,1,374.6028480381039,236.79514150106246,360.2790577342057,-16.661021127758996,-10.526520566981835,0.15126842681916583,0,Fixed-Wing
1970-01-01 00:00:58.434959232,2280,1538769471248094272,base_link,0,1,40.5924463,-79.8969654,360.824395124,0.547600014114,0.0,0.0,0.0,0.547600014114,0.0,0.0,0.0,2.19040005646,1,368.67720118785047,231.87524729424777,360.8095304425676,-14.819007398074937,-12.303795769640704,1.32661955535805,0,Fixed-Wing
1970-01-01 00:00:58.811694944,2282,1538769471616295360,base_link,0,1,40.5924016,-79.8970309,361.744346654,0.547600014114,0.0,0.0,0.0,0.547600014114,0.0,0.0,0.0,2.19040005646,1,363.1325224810447,226.91096853458183,361.7299785688998,-13.866272636984627,-12.414793781112628,2.301879936209423,0,Fixed-Wing
1970-01-01 00:00:59.212025408,2284,1538769472025184640,base_link,0,1,40.5923589,-79.897095,362.764298795,0.396899993992,0.0,0.0,0.0,0.396899993992,0.0,0.0,0.0,1.58759997597,1,357.7063484306146,222.16880641107602,362.7504042321127,-13.569913197430452,-11.859318883996236,2.5519062871070064,0,Fixed-Wing
1970-01-01 00:00:59.617954304,2286,1538769472432083488,base_link,0,1,40.5923184,-79.8971588,363.54425034,0.396899993992,0.0,0.0,0.0,0.396899993992,0.0,0.0,0.0,1.58759997597,1,352.3055378405336,217.6709549913645,363.53081140438894,-13.506483614795366,-11.248340501644314,1.9516619791436858,0,Fixed-Wing
1970-01-01 00:00:59.992631456,2288,1538769472806290688,base_link,0,1,40.5922803,-79.8972233,363.874200181,0.396899993992,0.0,0.0,0.0,0.396899993992,0.0,0.0,0.0,1.58759997597,1,346.8454231449201,213.4396143036624,363.8612034109736,-13.654792820664493,-10.581843727685389,0.826252679845963,0,Fixed-Wing
1970-01-01 00:01:00.459751552,2290,1538769473273702272,base_link,0,1,40.592244,-79.8972887,363.864148361,0.396899993992,0.0,0.0,0.0,0.396899993992,0.0,0.0,0.0,1.58759997597,1,341.3090836279055,209.40815683020273,363.85158377223297,-13.845417780404023,-10.08197073399142,-0.024057035673313857,0,Fixed-Wing
1970-01-01 00:01:00.800408000,2292,1538769473614502368,base_link,0,1,40.5922093,-79.8973554,363.604094555,0.396899993992,0.0,0.0,0.0,0.396899993992,0.0,0.0,0.0,1.58759997597,1,335.662663663672,205.55437429025028,363.59195484380984,-14.12070974479961,-9.637636770015225,-0.6492865856310736,0,Fixed-Wing
1970-01-01 00:01:01.199440800,2294,1538769474013410304,base_link,0,1,40.5921755,-79.8974231,363.254039361,0.396899993992,0.0,0.0,0.0,0.396899993992,0.0,0.0,0.0,1.58759997597,1,329.9315727973134,201.8005368999415,363.2423184057146,-14.332456876665834,-9.387691413938535,-0.8743796405194146,0,Fixed-Wing
1970-01-01 00:01:01.590644128,2296,1538769474404815168,base_link,0,1,40.5921424,-79.8974917,362.863982963,0.396899993992,0.0,0.0,0.0,0.396899993992,0.0,0.0,0.0,1.58759997597,1,324.1242805408437,198.1244364492398,362.852674854244,-14.523023238843017,-9.193284910774832,-0.9744304407219699,0,Fixed-Wing
1970-01-01 00:01:01.993997152,2298,1538769474808132800,base_link,0,1,40.5921093,-79.8975605,362.603926368,0.372100017452,0.0,0.0,0.0,0.372100017452,0.0,0.0,0.0,1.48840006981,1,318.30005843999083,194.44834424355366,362.5930245464466,-14.565361821533267,-9.193264291431502,-0.6493400517106016,0,Fixed-Wing
1970-01-01 00:01:02.388493856,2300,1538769475202327680,base_link,0,1,40.5920759,-79.8976292,362.483870009,0.372100017452,0.0,0.0,0.0,0.372100017452,0.0,0.0,0.0,1.48840006981,1,312.4843049702597,190.73894575438493,362.47336762368263,-14.544183254801922,-9.27655748689251,-0.2992410564585455,0,Fixed-Wing
1970-01-01 00:01:02.845298400,2302,1538769475659330144,base_link,0,1,40.5920421,-79.8976971,362.493814642,0.372100017452,0.0,0.0,0.0,0.372100017452,0.0,0.0,0.0,1.48840006981,1,306.73627928371064,186.98513762834213,362.4837022894151,-14.374807902980624,-9.387618229122607,0.025845193244880015,0,Fixed-Wing
1970-01-01 00:01:03.201938208,2304,1538769476016201408,base_link,0,1,40.5920077,-79.897764,362.553760556,0.372100017452,0.0,0.0,0.0,0.372100017452,0.0,0.0,0.0,1.48840006981,1,301.0729094877937,183.1647073881682,362.5440287763871,-14.163098312235377,-9.554228495838426,0.15086600321113613,0,Fixed-Wing
1970-01-01 00:01:03.586498656,2306,1538769476400670080,base_link,0,1,40.5919727,-79.89783,362.523707648,0.372100017452,0.0,0.0,0.0,0.372100017452,0.0,0.0,0.0,1.48840006981,1,295.4857232810993,179.27765047114926,362.5143474812704,-13.97257646697013,-9.720850173104505,-0.07422773294359261,0,Fixed-Wing
1970-01-01 00:01:03.992618272,2308,1538769476806313888,base_link,0,1,40.5919376,-79.8978954,362.473655403,0.372100017452,0.0,0.0,0.0,0.372100017452,0.0,0.0,0.0,1.48840006981,1,289.94932486744204,175.37949398862764,362.464657588247,-13.845565070616434,-9.748608247025553,-0.12426574025281449,0,Fixed-Wing
1970-01-01 00:01:04.404722496,2310,1538769477218888544,base_link,0,1,40.5919027,-79.8979608,362.413603083,0.372100017452,0.0,0.0,0.0,0.372100017452,0.0,0.0,0.0,1.48840006981,1,284.4129194551579,171.50355190554635,362.40495983498647,-13.84558257295939,-9.69305391549536,-0.14929365005585968,0,Fixed-Wing
1970-01-01 00:01:04.806957696,2312,1538769477620986336,base_link,0,1,40.5918682,-79.8980262,362.273550604,0.372100017452,0.0,0.0,0.0,0.372100017452,0.0,0.0,0.0,1.48840006981,1,278.8765032371075,167.6720328633482,362.26525359064345,-13.845609596292825,-9.5819596521806,-0.34938090655670684,0,Fixed-Wing
1970-01-01 00:01:05.178223744,2314,1538769477991510208,base_link,0,1,40.591834,-79.8980916,361.953498009,0.372100017452,0.0,0.0,0.0,0.372100017452,0.0,0.0,0.0,1.48840006981,1,273.3400726461499,163.87382919113412,361.94553926865336,-13.845645540422323,-9.498643732967059,-0.7995496563618265,0,Fixed-Wing
1970-01-01 00:01:05.581300128,2316,1538769478395059488,base_link,0,1,40.5918,-79.8981575,361.723444826,0.372100017452,0.0,0.0,0.0,0.372100017452,0.0,0.0,0.0,1.48840006981,1,267.761311492947,160.0978412472966,361.71581850911025,-13.951506880277718,-9.443086077999542,-0.5744914810465284,0,Fixed-Wing
1970-01-01 00:01:06.006187648,2318,1538769478820307872,base_link,0,1,40.5917665,-79.8982236,361.643391239,0.372100017452,0.0,0.0,0.0,0.372100017452,0.0,0.0,0.0,1.48840006981,1,262.1656179045947,156.37738703283802,361.6360895638595,-13.9938519420217,-9.304205924101414,-0.19938816122004188,0,Fixed-Wing
1970-01-01 00:01:06.384383744,2320,1538769479198338304,base_link,0,1,40.5917334,-79.8982896,361.693337595,0.372100017452,0.0,0.0,0.0,0.372100017452,0.0,0.0,0.0,1.48840006981,1,256.57838826299076,152.70136147883443,361.68635207598663,-13.972685090089545,-9.19309760721935,0.1256977605787895,0,Fixed-Wing
1970-01-01 00:01:06.810858848,2322,1538769479624750624,base_link,0,1,40.5917011,-79.8983556,361.863283625,0.372100017452,0.0,0.0,0.0,0.372100017452,0.0,0.0,0.0,1.48840006981,1,250.99115474641513,149.11418475611327,361.8566051701267,-13.972694780716694,-8.970902204530379,0.42577324051960574,0,Fixed-Wing
1970-01-01 00:01:07.193855008,2324,1538769480008065504,base_link,0,1,40.591672,-79.8984235,362.023226387,0.36000002861,0.0,0.0,0.0,0.36000002861,0.0,0.0,0.0,1.44000011444,1,245.24305504692143,145.88237402467712,362.0168461277088,-14.374992996423087,-8.082193952594745,0.40073463638516105,0,Fixed-Wing
1970-01-01 00:01:07.559686624,2326,1538769480373886112,base_link,0,1,40.5916479,-79.8984947,361.953163699,0.348099969053,0.0,0.0,0.0,0.348099969053,0.0,0.0,0.0,1.39239987621,1,239.2155551982189,143.20581515480953,361.94707281769774,-15.073723950660014,-6.69360606467032,-0.17449085701042352,0,Fixed-Wing
1970-01-01 00:01:07.973522720,2328,1538769480787792576,base_link,0,1,40.5916303,-79.8985704,361.71309371,0.348099969053,0.0,0.0,0.0,0.348099969053,0.0,0.0,0.0,1.39239987621,1,232.8070653509207,141.2510857497046,361.70728330761574,-16.026513367656825,-4.888436696872287,-0.5996716668550749,0,Fixed-Wing
1970-01-01 00:01:08.367108416,2330,1538769481181036768,base_link,0,1,40.5916206,-79.8986506,361.373015838,0.348099969053,0.0,0.0,0.0,0.348099969053,0.0,0.0,0.0,1.39239987621,1,226.0175853858456,140.17366166456077,361.3674731099545,-16.979303082705083,-2.6944493811553616,-0.8498059301099924,0,Fixed-Wing
1970-01-01 00:01:08.799885728,2332,1538769481614192768,base_link,0,1,40.5916198,-79.8987344,361.182930586,0.348099969053,0.0,0.0,0.0,0.348099969053,0.0,0.0,0.0,1.39239987621,1,218.92331462733603,140.08460390600305,361.17763690380986,-17.741531601702476,-0.2227178932990757,-0.4747471819316922,0,Fixed-Wing
1970-01-01 00:01:09.219692960,2334,1538769482033568448,base_link,0,1,40.5916268,-79.8988195,361.172840768,0.348099969053,0.0,0.0,0.0,0.348099969053,0.0,0.0,0.0,1.39239987621,1,211.7189712315133,140.86176188497507,361.16777278350946,-18.01680403488831,1.9435363144137905,-0.024668441336621553,0,Fixed-Wing
1970-01-01 00:01:09.560535616,2336,1538769482374731584,base_link,0,1,40.5916397,-79.8989043,361.51274881,0.348099969053,0.0,0.0,0.0,0.348099969053,0.0,0.0,0.0,1.39239987621,1,204.54001972199686,142.29414407619174,361.50788286916975,-17.953303363901217,3.582137583444224,0.8505558975969201,0,Fixed-Wing
1970-01-01 00:01:09.981530112,2338,1538769482792935936,base_link,0,1,40.5916563,-79.8989876,361.972656858,0.348099969053,0.0,0.0,0.0,0.348099969053,0.0,0.0,0.0,1.39239987621,1,197.4880486650302,144.13743306884132,361.96797135203394,-17.635747439071555,4.609743697043965,1.150600905459286,0,Fixed-Wing
1970-01-01 00:01:10.392475040,2340,1538769483205128672,base_link,0,1,40.5916747,-79.899069,362.482566112,0.348099969053,0.0,0.0,0.0,0.348099969053,0.0,0.0,0.0,1.39239987621,1,190.59692489358866,146.18062849496772,362.4780433329263,-17.233496482443027,5.1096747579861415,1.2756009005280458,0,Fixed-Wing
1970-01-01 00:01:10.805484096,2342,1538769483619139520,base_link,0,1,40.5916941,-79.8991489,362.912476496,0.348099969053,0.0,0.0,0.0,0.348099969053,0.0,0.0,0.0,1.39239987621,1,183.8327843374915,148.33488424799629,362.9081021125138,-16.91593364834689,5.387417230257397,1.075501864584092,0,Fixed-Wing
1970-01-01 00:01:11.188464416,2344,1538769484002406048,base_link,0,1,40.5917136,-79.8992275,363.152388182,0.348099969053,0.0,0.0,0.0,0.348099969053,0.0,0.0,0.0,1.39239987621,1,177.17869538748312,150.5002497954091,363.1481509872864,-16.640713810578422,5.4152008848240385,0.6003202926280249,0,Fixed-Wing
1970-01-01 00:01:11.565732128,2346,1538769484379494048,base_link,0,1,40.5917323,-79.8993054,363.282300931,0.348099969053,0.0,0.0,0.0,0.348099969053,0.0,0.0,0.0,1.39239987621,1,170.58386880146003,152.57677827726394,363.2781938047154,-16.49250899302542,5.193034906156123,0.3252143643127244,0,Fixed-Wing
1970-01-01 00:01:12.009356160,2348,1538769484820658272,base_link,0,1,40.5917496,-79.8993827,363.292214888,0.348099969053,0.0,0.0,0.0,0.348099969053,0.0,0.0,0.0,1.39239987621,1,164.03984015366683,154.49783757231285,363.28823281691825,-16.365472225317347,4.804233634721723,0.02510581542625834,0,Fixed-Wing
1970-01-01 00:01:12.392306496,2350,1538769485203027488,base_link,0,1,40.5917659,-79.8994596,363.222129684,0.348099969053,0.0,0.0,0.0,0.348099969053,0.0,0.0,0.0,1.39239987621,1,157.52967801652548,156.30784900819947,363.2182672773721,-16.28077799959324,4.526522342089445,-0.17497158948993285,0,Fixed-Wing
1970-01-01 00:01:12.779271840,2352,1538769485593489760,base_link,0,1,40.591781,-79.8995367,363.072044788,0.348099969053,0.0,0.0,0.0,0.348099969053,0.0,0.0,0.0,1.39239987621,1,151.00258860409028,157.98460092879898,363.0682986045397,-16.323110157439963,4.193263578479684,-0.3750454470785734,0,Fixed-Wing
1970-01-01 00:01:13.176559744,2354,1538769485990792416,base_link,0,1,40.5917955,-79.8996142,362.871959748,0.348099969053,0.0,0.0,0.0,0.348099969053,0.0,0.0,0.0,1.39239987621,1,144.44163982546223,159.59472516221933,362.86832511545254,-16.40778651612043,4.026639374544476,-0.5000987553071071,0,Fixed-Wing
1970-01-01 00:01:13.631862272,2356,1538769486446036800,base_link,0,1,40.5918096,-79.8996922,362.841874377,0.348099969053,0.0,0.0,0.0,0.348099969053,0.0,0.0,0.0,1.39239987621,1,137.83837033157258,161.16043765256427,362.8383461864887,-16.513623230390166,3.9155733650728135,-0.07497206319042375,0,Fixed-Wing
1970-01-01 00:01:13.975656672,2358,1538769486789777216,base_link,0,1,40.591824,-79.8997701,362.741788998,0.348099969053,0.0,0.0,0.0,0.348099969053,0.0,0.0,0.0,1.39239987621,1,131.24356733810544,162.75947004848854,362.7383590107364,-16.492449992165266,3.9989006270175875,-0.25005045603121445,0,Fixed-Wing
1970-01-01 00:01:14.369780928,2360,1538769487183610336,base_link,0,1,40.5918385,-79.8998481,362.651703489,0.348099969053,0.0,0.0,0.0,0.348099969053,0.0,0.0,0.0,1.39239987621,1,124.64030170263298,164.36961358298493,362.64836437496666,-16.513613581162918,4.026687643163212,-0.2250608595080273,0,Fixed-Wing
1970-01-01 00:01:14.779227040,2362,1538769487593405536,base_link,0,1,40.5918532,-79.8999261,362.551617912,0.348099969053,0.0,0.0,0.0,0.348099969053,0.0,0.0,0.0,1.39239987621,1,118.03703856926329,166.00197313569555,362.5483618554649,-16.513607323841104,4.08224602296414,-0.2500888280676195,0,Fixed-Wing
1970-01-01 00:01:15.191613120,2364,1538769488005391328,base_link,0,1,40.5918679,-79.9000043,362.441532144,0.348099969053,0.0,0.0,0.0,0.348099969053,0.0,0.0,0.0,1.39239987621,1,111.4168469946083,167.63433797335517,362.4383521958265,-16.55594239762867,4.082259239698157,-0.2751149370252731,0,Fixed-Wing
1970-01-01 00:01:15.557585504,2366,1538769488371673024,base_link,0,1,40.5918824,-79.9000828,362.241446168,0.348099969053,0.0,0.0,0.0,0.348099969053,0.0,0.0,0.0,1.39239987621,1,104.77126034361588,169.2444954174764,362.2383360561749,-16.619451046326358,4.0267224287045424,-0.5002054169166054,0,Fixed-Wing
1970-01-01 00:01:15.999911680,2368,1538769488812979008,base_link,0,1,40.591897,-79.9001618,361.971359656,0.348099969053,0.0,0.0,0.0,0.348099969053,0.0,0.0,0.0,1.39239987621,1,98.0833473661258,170.86576148578416,361.9683124096539,-16.725301793316973,4.054503156811151,-0.6752819593490773,0,Fixed-Wing
1970-01-01 00:01:16.378694304,2370,1538769489192903296,base_link,0,1,40.5919114,-79.900241,361.661273037,0.348099969053,0.0,0.0,0.0,0.348099969053,0.0,0.0,0.0,1.39239987621,1,91.37850621363167,172.46482165986063,361.65828208523436,-16.76763620118174,3.998970095322632,-0.7753316705000871,0,Fixed-Wing
1970-01-01 00:01:16.793963520,2372,1538769489608171552,base_link,0,1,40.5919258,-79.9003206,361.491186024,0.348099969053,0.0,0.0,0.0,0.348099969053,0.0,0.0,0.0,1.39239987621,1,84.63980774634311,174.06389115788505,361.4882443744122,-16.852307429673186,3.9989934128873026,-0.4252346044748701,0,Fixed-Wing
1970-01-01 00:01:17.150270368,2374,1538769489964405568,base_link,0,1,40.5919426,-79.9003999,361.38109834,0.348099969053,0.0,0.0,0.0,0.348099969053,0.0,0.0,0.0,1.39239987621,1,77.92650749113001,175.92949419516748,361.3781908102016,-16.78879093904263,4.6655472237899165,-0.2752247346889534,0,Fixed-Wing
1970-01-01 00:01:17.578874208,2376,1538769490392893312,base_link,0,1,40.5919649,-79.9004779,361.25100972,0.348099969053,0.0,0.0,0.0,0.348099969053,0.0,0.0,0.0,1.39239987621,1,71.3232584616192,178.4058915503555,361.2481103819329,-16.51357205255436,6.193037090209836,-0.32530842245111896,0,Fixed-Wing
1970-01-01 00:01:18.009405696,2378,1538769490822057888,base_link,0,1,40.5919946,-79.9005536,361.160920402,0.348099969053,0.0,0.0,0.0,0.348099969053,0.0,0.0,0.0,1.39239987621,1,64.91471764939165,181.70408475939382,361.1579960744475,-16.026640822040164,8.248204930222766,-0.22536013755891346,0,Fixed-Wing
1970-01-01 00:01:18.382940768,2380,1538769491196830336,base_link,0,1,40.5920338,-79.900624,361.060832574,0.348099969053,0.0,0.0,0.0,0.348099969053,0.0,0.0,0.0,1.39239987621,1,58.95485428323421,186.05728380201765,361.05784023094463,-14.904576925779095,10.886590181319406,-0.25047226460450833,0,Fixed-Wing
1970-01-01 00:01:18.792012256,2382,1538769491604962848,base_link,0,1,40.5920823,-79.900687,361.100748462,0.348099969053,0.0,0.0,0.0,0.348099969053,0.0,0.0,0.0,1.39239987621,1,53.62145025169231,191.4432828773874,361.09764334377047,-13.337911589679353,13.469442604483827,0.09954063047264775,0,Fixed-Wing
1970-01-01 00:01:19.193767744,2384,1538769492007391072,base_link,0,1,40.5921399,-79.9007403,361.170670493,0.348099969053,0.0,0.0,0.0,0.348099969053,0.0,0.0,0.0,1.39239987621,1,49.109215252600436,197.8398684324037,361.1674059857153,-11.284311320465438,15.99674281266897,0.17446417804076755,0,Fixed-Wing
1970-01-01 00:01:19.555652832,2386,1538769492369270816,base_link,0,1,40.5922048,-79.9007816,361.240601752,0.348099969053,0.0,0.0,0.0,0.348099969053,0.0,0.0,0.0,1.39239987621,1,45.61285965401812,205.04714514370795,361.23713499070084,-8.743774442021648,18.02413974437626,0.1743800578830039,0,Fixed-Wing
1970-01-01 00:01:19.999280416,2388,1538769492813076704,base_link,0,1,40.592275,-79.9008092,361.310544793,0.348099969053,0.0,0.0,0.0,0.348099969053,0.0,0.0,0.0,1.39239987621,1,43.27629867461425,212.84300778635222,361.3068382855329,-5.8433307476564025,19.49609031641508,0.17431576128131887,0,Fixed-Wing
1970-01-01 00:01:20.394006080,2390,1538769493204356096,base_link,0,1,40.5923486,-79.9008204,361.630503144,0.348099969053,0.0,0.0,0.0,0.348099969053,0.0,0.0,0.0,1.39239987621,1,42.32810386473619,221.01646583588757,361.62652433112567,-2.371269543644554,20.440390452687776,0.7994789420328434,0,Fixed-Wing
1970-01-01 00:01:20.802191840,2392,1538769493616368896,base_link,0,1,40.5924225,-79.9008138,362.1104795,0.348099969053,0.0,0.0,0.0,0.348099969053,0.0,0.0,0.0,1.39239987621,1,42.88679084444762,229.22325491825507,362.10620660048625,1.3971785181895642,20.523745541947576,1.1996015419102815,0,Fixed-Wing
1970-01-01 00:01:21.164756512,2394,1538769493977138624,base_link,0,1,40.5924936,-79.9007905,362.79047401,0.348099969053,0.0,0.0,0.0,0.348099969053,0.0,0.0,0.0,1.39239987621,1,44.85923572119347,237.1191145838895,362.7858982133785,4.932739996063336,19.746165398667678,1.6997899629184388,0,Fixed-Wing
1970-01-01 00:01:21.576057312,2396,1538769494389952224,base_link,0,1,40.5925603,-79.900753,363.320484784,0.348099969053,0.0,0.0,0.0,0.348099969053,0.0,0.0,0.0,1.39239987621,1,48.03379348714664,244.52634794817294,363.3156055522171,7.939014289598487,18.52419639551909,1.3247054999114485,0,Fixed-Wing
1970-01-01 00:01:21.976358400,2398,1538769494790357024,base_link,0,1,40.5926207,-79.9007023,363.710511578,0.348099969053,0.0,0.0,0.0,0.348099969053,0.0,0.0,0.0,1.39239987621,1,52.3258069283216,251.233956144165,363.70533731704995,10.733575682912758,16.774556093491015,0.9746510469275994,0,Fixed-Wing
1970-01-01 00:01:22.372810592,2400,1538769495186990816,base_link,0,1,40.5926734,-79.90064,363.950553335,0.348099969053,0.0,0.0,0.0,0.348099969053,0.0,0.0,0.0,1.39239987621,1,57.59982595190172,257.0864657035227,363.94509991860957,13.18940006097043,14.63610381265246,0.59960437334225,0,Fixed-Wing
1970-01-01 00:01:22.792526624,2402,1538769495606567232,base_link,0,1,40.5927171,-79.9005677,364.030608958,0.348099969053,0.0,0.0,0.0,0.348099969053,0.0,0.0,0.0,1.39239987621,1,63.720401693756585,261.93950848857105,364.02489948110525,15.306490496501006,12.136612044595543,0.199564762610861,0,Fixed-Wing
1970-01-01 00:01:23.184379776,2404,1538769495997333920,base_link,0,1,40.5927503,-79.9004873,363.950677127,0.36000002861,0.0,0.0,0.0,0.36000002861,0.0,0.0,0.0,1.44000011444,1,70.52669022259678,265.62650603872294,363.9447432752148,17.021338363760538,9.220536652475033,-0.20045666542567142,0,Fixed-Wing
1970-01-01 00:01:23.562781760,2406,1538769496376982848,base_link,0,1,40.5927724,-79.9004012,363.710755646,0.36000002861,0.0,0.0,0.0,0.36000002861,0.0,0.0,0.0,1.44000011444,1,77.81552019203467,268.0808264210344,363.7046342258219,18.22809019335852,6.137826438503298,-0.6004707788393,0,Fixed-Wing
1970-01-01 00:01:23.987792096,2408,1538769496802043616,base_link,0,1,40.5927856,-79.9003122,363.650840768,0.36000002861,0.0,0.0,0.0,0.36000002861,0.0,0.0,0.0,1.44000011444,1,85.34985998047796,269.5467979224511,363.64456118287217,18.842067353334826,3.6661385792729897,-0.15023218399506566,0,Fixed-Wing
1970-01-01 00:01:24.455973920,2410,1538769497270194944,base_link,0,1,40.5927971,-79.9002234,363.830926395,0.36000002861,0.0,0.0,0.0,0.36000002861,0.0,0.0,0.0,1.44000011444,1,92.86727137142964,270.8239979560441,363.8244877066127,18.79973238906759,3.1940541218426484,0.4499647977345154,0,Fixed-Wing
1970-01-01 00:01:24.829571360,2412,1538769497634958016,base_link,0,1,40.5928126,-79.9001363,364.041008665,0.36000002861,0.0,0.0,0.0,0.36000002861,0.0,0.0,0.0,1.44000011444,1,100.24076048697985,272.54541458692,364.0343850172436,18.439807925490946,4.304962214720662,0.5249164990220169,0,Fixed-Wing
1970-01-01 00:01:25.200668448,2414,1538769498014769984,base_link,0,1,40.5928352,-79.9000521,364.211085089,0.36000002861,0.0,0.0,0.0,0.36000002861,0.0,0.0,0.0,1.44000011444,1,107.36873330437432,275.05530542537457,364.2042376001976,17.82581456229172,6.2767984396214915,0.4247716320235152,0,Fixed-Wing
1970-01-01 00:01:25.612527936,2416,1538769498426525216,base_link,0,1,40.5928656,-79.8999718,364.13115436,0.36000002861,0.0,0.0,0.0,0.36000002861,0.0,0.0,0.0,1.44000011444,1,114.1665271173805,278.43139598719233,364.12404215153947,17.00009456372148,8.443012598701976,-0.20055480473085288,0,Fixed-Wing
1970-01-01 00:01:26.002328448,2418,1538769498816349152,base_link,0,1,40.5929043,-79.8998972,363.941214444,0.36000002861,0.0,0.0,0.0,0.36000002861,0.0,0.0,0.0,1.44000011444,1,120.48176099892797,282.72921490831845,363.9337967192627,15.793296491710942,10.74809417389269,-0.4757705849849299,0,Fixed-Wing
1970-01-01 00:01:26.372403104,2420,1538769499186230304,base_link,0,1,40.5929507,-79.8998299,363.781263957,0.36000002861,0.0,0.0,0.0,0.36000002861,0.0,0.0,0.0,1.44000011444,1,126.1789882920815,287.8821332791153,363.7735051766485,14.247769996982832,12.886548487993137,-0.4008611407120143,0,Fixed-Wing
1970-01-01 00:01:26.842724160,2422,1538769499656669632,base_link,0,1,40.593002,-79.8997687,363.711305268,0.36000002861,0.0,0.0,0.0,0.36000002861,0.0,0.0,0.0,1.44000011444,1,131.35980164510116,293.5792075609823,363.7031817338609,12.956308964507434,14.24738734249053,-0.17586664296113402,0,Fixed-Wing
1970-01-01 00:01:27.158945440,2424,1538769499973170976,base_link,0,1,40.5930559,-79.8997119,363.74134105,0.36000002861,0.0,0.0,0.0,0.36000002861,0.0,0.0,0.0,1.44000011444,1,136.16812030232515,299.5650194938682,363.7328378246956,12.02476481544908,14.969469757234624,0.07416470143820435,0,Fixed-Wing
1970-01-01 00:01:27.594046464,2426,1538769500408202208,base_link,0,1,40.5931102,-79.8996572,363.801374544,0.36000002861,0.0,0.0,0.0,0.36000002861,0.0,0.0,0.0,1.44000011444,1,140.79865502536032,305.5952536818908,363.79248416375003,11.58015825981366,15.080562055534907,0.1491650721098928,0,Fixed-Wing
1970-01-01 00:01:27.995027168,2428,1538769500809186528,base_link,0,1,40.5931636,-79.8996025,363.661408419,0.36000002861,0.0,0.0,0.0,0.36000002861,0.0,0.0,0.0,1.44000011444,1,145.42917973842532,311.52553396040105,363.6521267069045,11.580133226627288,14.830594792557104,-0.35100947524070364,0,Fixed-Wing
1970-01-01 00:01:28.384350752,2430,1538769501198030208,base_link,0,1,40.5932161,-79.8995466,363.351443895,0.36000002861,0.0,0.0,0.0,0.36000002861,0.0,0.0,0.0,1.44000011444,1,150.16128106411097,317.3558633206289,363.3417645669428,11.83415858654768,14.580635010122931,-0.7761614831936607,0,Fixed-Wing
1970-01-01 00:01:28.779294336,2432,1538769501593439168,base_link,0,1,40.5932675,-79.899489,362.871481562,0.36000002861,0.0,0.0,0.0,0.36000002861,0.0,0.0,0.0,1.44000011444,1,155.03728655232408,323.064031897977,362.86139848059906,12.194037752991262,14.275132237008437,-1.2013116487034117,0,Fixed-Wing
1970-01-01 00:01:29.176881568,2434,1538769501991016864,base_link,0,1,40.5933182,-79.8994296,362.33152136,0.348099969053,0.0,0.0,0.0,0.348099969053,0.0,0.0,0.0,1.39239987621,1,160.06566299602812,328.69446635971985,362.32102588211615,12.575090889253572,14.08073279617994,-1.3513774507660476,0,Fixed-Wing
1970-01-01 00:01:29.570546816,2436,1538769502383658784,base_link,0,1,40.5933692,-79.8993695,361.861561759,0.348099969053,0.0,0.0,0.0,0.348099969053,0.0,0.0,0.0,1.39239987621,1,165.15329051162925,334.35822400839777,361.85064166117354,12.723267467267016,14.164068264221982,-1.1763487474431704,0,Fixed-Wing
